{
    "Format": "2.8.0",
    /*-------------------------------------------------------------------------------------------------------------------------------------------------------------------------
      // CONFIG 
    -------------------------------------------------------------------------------------------------------------------------------------------------------------------------*/
    "ConfigSchema": {
        "Figure Acts as an NPC": {
            "AllowValues": "true, false",
            "Default": "true",
            "Section": "Getting Stalked",
            "Description": "Disable to turn off the shadow's schedule, dialogue, and evil nefarious things he might do."
        }
    },
    /*-------------------------------------------------------------------------------------------------------------------------------------------------------------------------
      // DYN TOKENS 
    -------------------------------------------------------------------------------------------------------------------------------------------------------------------------*/
    "DynamicTokens": [
        {
            "Name": "WeekDayList",
            "Value": "Sun, Mon, Tue, Wed, Thu, Fri, Sat"
        },
        {
            "Name": "WeekDay",
            "Value": "{{WeekDayList |valueAt={{Query: {{Day}}%7}}}}"
        }
    ],
    /*-------------------------------------------------------------------------------------------------------------------------------------------------------------------------
      // MAP 
    -------------------------------------------------------------------------------------------------------------------------------------------------------------------------*/
    "CustomLocations": [
        {
            "Name": "Custom_Shadow_Layer",
            "FromMapFile": "Data/Maps/Shadow_Layer.tbin"
        }
    ],
    /*-------------------------------------------------------------------------------------------------------------------------------------------------------------------------
      // MISC 
    -------------------------------------------------------------------------------------------------------------------------------------------------------------------------*/
    "Changes": [
        {
            "Action": "EditData",
            "Target": "Data/animationdescriptions",
            "Entries": {
                "{{ModId}}_LeftSmugBastard": "16/16/16//offset -6 0",
                "{{ModId}}_RightSmugBastard": "17/17/17//offset 6 0",
                // actually unused for the time being... :wiltedrose: maybe i'll update one day...
                "{{ModId}}_LinMirandaPose": "18/18/18",
                "{{ModId}}_KickingFeetWaiting": "20 20 21 21 22 22 23 23 20/20 20 21 21 22 22 23 23 20/20 20 21 21 22 22 23 23 20//offset 0 -61",
                "{{ModId}}_Smoking": "4 24/24 25 26 27 28 28 29 29 29 29 29 29 29 29 29 29 29 29 29 29 29 29 29 29 29 29 29 29 29 29 30 30 31 31 25 24 24 24 24 24 24 24 24 24 24 24 24 24 24 24 24 24 24 24 24/24 4"
            }
        },
        {
            "LogName": "Include Audio Files",
            "Action": "Include",
            "FromFile": "Data/Audio/audio.json"
        },
        {
            "LogName": "???'s Manifestation",
            "Action": "Include",
            "FromFile": "Data/Shadow/disposition.json"
        },
        {
            "Action": "Include",
            "FromFile": "Data/Shadow/Personality/schedule.json"
        },
        {
            "Action": "Include",
            "FromFile": "Data/Shadow/Personality/dialogue.json"
        },
        {
            "LogName": "???'s Sprite Sheet",
            "Action": "Load",
            "Target": "Characters/Shadow",
            "FromFile": "Data/Shadow/updatedshadowsprite.png"
        },
        {
            "LogName": "Shadow Portrait",
            "Action": "Load",
            "Target": "Portraits/Shadow",
            "FromFile": "Data/Shadow/updatedshadowportrait.png"
        },
        {
            "Action": "EditData",
            "Target": "Data/Locations",
            "Entries": {
                "Custom_Shadow_Layer": {
                    "CreateOnLoad": {
                        "AlwaysActive": false,
                        "MapPath": "Maps\\Custom_Shadow_Layer"
                    }
                }
            }
        },
        { 
               "Action": "EditMap",
               "Target": "Maps/Town",
               "MapProperties": {
                    "NPCWarp": "43 66 Custom_Shadow_Layer 3 3 42 66 Custom_Shadow_Layer 3 3"
               }
        },
        { 
               "Action": "EditMap",
               "Target": "Maps/Mountain",
               "MapProperties": {
                    "NPCWarp": "16 6 Custom_Shadow_Layer 3 3 16 6 Custom_Shadow_Layer 3 3"
               }
        },
        {
            "Action": "Load",
            "Target": "Maps/Custom_Shadow_Layer",
            "FromFile": "Data/Maps/Shadow_Layer.tbin"
        }
    ]
}