{
    "Changes": [
        // 8 & 10 Heart Mail
        {
            "Action": "EditData",
            "Target": "Data/mail",
            "When": { "After Dark Events": "All Events, No Jealousy Events" },
            "Entries": {
                // *yeah u like that, don't u?*
                "afterSamShow": "{{i18n:AD.Sam.Mail.8HeartMail.1}}^^{{i18n:AD.Sam.Mail.8HeartMail.2}}^^^{{i18n:AD.Sam.Mail.8HeartMail.3}}[letterbg Mods/loshionbottle.samafterdark/LetterBackgrounds 1][#]Sam's Thank-you Note",
                // thank you denny for the drawn hearts idea
                "samMessage": "{{i18n:AD.Sam.Mail.10HeartMail.1}}^^{{i18n:AD.Sam.Mail.10HeartMail.2}}^^{{i18n:AD.Sam.Mail.10HeartMail.3}}[letterbg Mods/loshionbottle.samafterdark/LetterBackgrounds 2][#]???'s 9h Note"
            }
        },
        {
            "Action": "EditData",
            "Target": "Data/mail",
            "When": { "After Dark Mail": "Mail" },
            "Entries": {
                // 3h After Bathhouse
                "ADSamShadowMailAfterBathhouse": "{{i18n:AD.Sam.Mail.ADSamShadowMailAfterBathhouse.1{{GeneralPlayerEndearment}}}}^^{{i18n:AD.Sam.Mail.ADSamShadowMailAfterBathhouse.2}}^{{i18n:AD.Sam.Mail.ADSamShadowMailAfterBathhouse.3}}^^{{i18n:AD.Sam.Mail.ADSamShadowMailAfterBathhouse.4}}^^{{i18n:AD.Sam.Mail.ADSamShadowMailAfterBathhouse.5}}[letterbg Mods/loshionbottle.samafterdark/LetterBackgrounds 1][#]???'s Bathhouse Letter",
                // weeks since bathhouse
                "ADSamShadowMailWeeksAfterBathhouse": "...^^{{i18n:AD.Sam.Mail.ADSamShadowMailWeeksAfterBathhouse.1}}^^{{i18n:AD.Sam.Mail.ADSamShadowMailWeeksAfterBathhouse.2}}^^{{i18n:AD.Sam.Mail.ADSamShadowMailWeeksAfterBathhouse.3{{GeneralPlayerEndearment}}}}[letterbg Mods/loshionbottle.samafterdark/LetterBackgrounds 4][#]???'s Later Bathhouse Letter",

                // 7h After Chapel
                "ADSamShadowMailAfterChapel": "^^{{i18n:AD.Sam.Mail.ADSamShadowMailAfterChapel}} %item id 524 1 %%[letterbg Mods/loshionbottle.samafterdark/LetterBackgrounds 2][#]???'s Chapel Letter",

                // Bought a bouquet before 8h with Sam 
                "ADSamBoughtBouquetMail": "{{i18n:AD.Sam.Mail.ADSamBoughtBouquetMail.1}}^^{{i18n:AD.Sam.Mail.ADSamBoughtBouquetMail.2}}^^{{i18n:AD.Sam.Mail.ADSamBoughtBouquetMail.3}}^^{{i18n:AD.Sam.Mail.ADSamBoughtBouquetMail.4}}[letterbg Mods/loshionbottle.samafterdark/LetterBackgrounds 1][#]???'s Bouquet Letter",

                "ADSamGenericMail1": "...^^{{i18n:AD.Sam.Mail.ADSamGenericMail1{{GeneralPlayerEndearment}}}}[letterbg Mods/loshionbottle.samafterdark/LetterBackgrounds 4][#]???'s Thinking of You Letter",

                "ADSamGenericMail2": "...^^{{i18n:AD.Sam.Mail.ADSamGenericMail2.1{{GeneralPlayerEndearment}}}}^^{{i18n:AD.Sam.Mail.ADSamGenericMail1.2}}[letterbg Mods/loshionbottle.samafterdark/LetterBackgrounds 1][#]???'s Lyric Letter",

                "ADSamGenericMail3": "{{i18n:AD.Sam.Mail.ADSamGenericMail3.1}}^^{{i18n:AD.Sam.Mail.ADSamGenericMail3.2}}^^{{i18n:AD.Sam.Mail.ADSamGenericMail3.3}}^^{{i18n:AD.Sam.Mail.ADSamGenericMail3.4}} %item id (WP)10 1 %%[letterbg Mods/loshionbottle.samafterdark/LetterBackgrounds 1][#]???'s Future Home Letter"
            }
        }
    ]
}