{
    "Changes": [
        // 1h wet dream
        {
            "Action": "EditData",
            "Target": "Data/Events/Town",
            "When": { "After Dark Events": "All Events, No Jealousy Events" },
            "Entries": {
                "SamADWetDream/f Sam 250/w sunny/t 1500 1700": "none/-1000 -1000/Sam 24 97 3 Sebastian -100 -100 2 farmer -100 -100 2/showFrame Sam  16/skippable/viewport 24 97 true/pause 500/animate Sam false true 1000 16 17 18 19 16 17 18 19 16 17 18 19 16 17 18 19/pause 2500/stopAnimation Sam/showFrame Sam 12/pause 800/faceDirection Sam 0/pause 400/emote Sam 28/pause 500/speak Sam \"{{i18n:AD.Sam.Events.WetDream.1}}\"/pause 200/faceDirection Sam 3/pause 500/emote Sam 40/speak Sam \"{{i18n:AD.Sam.Events.WetDream.2}}\"/pause 300/emote Sam 32/pause 400/speak Sam \"{{i18n:AD.Sam.Events.WetDream.3{{GeneralPlayerPronoun}}}}\"/pause 500/globalFade/viewport -1000 -1000/pause 900/message \"{{i18n:AD.Sam.Events.WetDream.4}}\"/pause 1000/message \"{{i18n:AD.Sam.Events.WetDream.5}}\"/pause 200/message \"{{i18n:AD.Sam.Events.WetDream.6}}\"/pause 400/changeLocation Forest/warp farmer 34 25/message \"{{i18n:AD.Sam.Events.WetDream.7}}\"/faceDirection farmer 2/warp Sam 34 16/faceDirection Sam 2/glow 0 0 255 true/viewport 34 25 clamp true/pause 400/message \"{{i18n:AD.Sam.Events.WetDream.8}}\"/pause 800/move Sam 0 5 2/pause 400/emote Sam 32/pause 350/message \"{{i18n:AD.Sam.Events.WetDream.9}}\"/pause 200/move Sam 0 4 2/pause 200/emote farmer 20/pause 400/speak Sam \"{{i18n:AD.Sam.Events.WetDream.10{{GeneralPlayerEndearment}}}}\"/pause 200/message \"{{i18n:AD.Sam.Events.WetDream.11}}\"/eyes 4 -100000 true/pause 200/message \"{{i18n:AD.Sam.Events.WetDream.12}}\"/pause 200/speak Sam \"{{i18n:AD.Sam.Events.WetDream.13}}\"/pause 200/message \"{{i18n:AD.Sam.Events.WetDream.14}}\"/pause 200/speak Sam \"{{i18n:AD.Sam.Events.WetDream.15{{GeneralPlayerEndearment}}}}\"/pause 200/globalFade/viewport -1000 -1000 true/eyes 0 -100/stopGlowing/pause 400/message \"{{i18n:AD.Sam.Events.WetDream.16}}\"/changeLocation Town/warp farmer -100 -100/speak Sebastian \"{{i18n:AD.Sam.Events.WetDream.17}}\"/warp Sam 24 97/faceDirection Sam 3/warp Sebastian 23 96/faceDirection Sebastian 2/pause 200/speak Sebastian \"{{i18n:AD.Sam.Events.WetDream.18}}\"/pause 200/viewport 24 97/pause 1000/emote Sam 40/pause 400/speak Sam \"{{i18n:AD.Sam.Events.WetDream.19}}\"/pause 200/emote Sebastian 28/pause 500/speak Sebastian \"{{i18n:AD.Sam.Events.WetDream.20}}\"/pause 200/speak Sam \"{{i18n:AD.Sam.Events.WetDream.21}}\"/pause 200/speak Sebastian \"{{i18n:AD.Sam.Events.WetDream.22}}\"/pause 200/message \"{{i18n:AD.Sam.Events.WetDream.23}}\"/pause 200/emote Sam 16/pause 500/emote Sam 4/pause 500/emote Sebastian 28 true/pause 1500/globalFade/viewport -1000 -1000/end"
            }
        },
        // 1.2h break in
        {
            "Action": "EditData",
            "Target": "Data/Events/Farm",
            "When": { "After Dark Events": "All Events, No Jealousy Events" },
            "Entries": {
                "SamADBreakIn/f Sam 250/o Sam/e SamADWetDream/t 2000 2400": "continue/-2000 -2000/Shadow 64 15 0 farmer -100 -100 0/pause 500/warp farmer -100 -100/pause 200/skippable/viewport 64 15 true/pause 1000/faceDirection Shadow 3/pause 100/faceDirection Shadow 0/pause 100/faceDirection Shadow 1/pause 100/faceDirection Shadow 0/pause 200/emote Shadow 32/pause 350/speak Shadow \"{{i18n:AD.Sam.Events.BreakIn.1}}\"/move Shadow 0 -2 0/warp Shadow -100 -100/playSound doorClose/pause 200/globalFade/viewport -1000 -1000/pause 400/speak Shadow \"{{i18n:AD.Sam.Events.BreakIn.2{{GeneralPlayerPronoun}}}}\"/pause 500/speak Shadow \"{{i18n:AD.Sam.Events.BreakIn.3}}\"/pause 500/playSound clank/pause 400/playSound clank/pause 400/playSound clank/pause 400/playSound clank/pause 1500/playSound cameraNoise/pause 1500/end"
            }
        },
        // 2h rewritten 
        {
            "Action": "EditData",
            "Target": "Data/Events/SamHouse",
            "When": { "After Dark Events": "All Events, No Jealousy Events" },
            "Entries": {
                "44/f Sam 500/p Sam": "sampractice/-1000 -1000/farmer 4 15 1 Sam 17 16 2 Sebastian 18 18 0/positionOffset Sebastian 32 -31/skippable/animate Sam false true 200 20 21/showFrame Sebastian 41/viewport 17 16 true/move farmer 8 0 0/pause 500/doAction 12 14/move farmer 0 -2 1/move farmer 4 0 2/pause 800/stopAnimation Sam/emote Sam 16/showFrame Sebastian 8/pause 1000/faceDirection Sam 0/pause 200/emote Sam 60/pause 800/speak Sam \"{{i18n:AD.Sam.Events.Vanilla.2Heart.1}}\"/pause 200/quickQuestion #{{i18n:AD.Sam.Events.Vanilla.2Heart.2}}#{{i18n:AD.Sam.Events.Vanilla.2Heart.3}}(break)speak Sam \"{{i18n:AD.Sam.Events.Vanilla.2Heart.4}}\"(break)speak Sam \"{{i18n:AD.Sam.Events.Vanilla.2Heart.5}}\"/pause 200/speak Sam \"{{i18n:AD.Sam.Events.Vanilla.2Heart.6}}\"/pause 200/emote farmer 8/pause 400/move farmer 0 3 1/faceDirection Sam 3/faceDirection Sebastian 3/speak Sam \"{{i18n:AD.Sam.Events.Vanilla.2Heart.7}}\"/pause 500/speak Sam \"#$q 76 null#{{i18n:AD.Sam.Events.Vanilla.2Heart.8}}#$r 76 50 Event_band1#{{i18n:AD.Sam.Events.Vanilla.2Heart.9}}#$r 77 50 Event_band2#{{i18n:AD.Sam.Events.Vanilla.2Heart.10}}#$r 78 50 Event_band3#{{i18n:AD.Sam.Events.Vanilla.2Heart.11}}#$r 79 50 Event_band4#{{i18n:AD.Sam.Events.Vanilla.2Heart.12}}\"/pause 200/message \"{{i18n:AD.Sam.Events.Vanilla.2Heart.13}}\"/pause 200/move Sam 0 2 1/speak Sam \"{{i18n:AD.Sam.Events.Vanilla.2Heart.14{{GeneralPlayerPronoun}}}}\"/pause 200/emote Sebastian 32/pause 400/speak Sebastian \"{{i18n:AD.Sam.Events.Vanilla.2Heart.15}}\"/pause 300/emote farmer 60/pause 400/faceDirection Sam 0/move Sam 0 -2 3/speak Sam \"{{i18n:AD.Sam.Events.Vanilla.2Heart.16}}\"/pause 200/emote farmer 16/pause 400/faceDirection Sam 2/speak Sam \"{{i18n:AD.Sam.Events.Vanilla.2Heart.17}}\"/pause 500/end"
            }
        },
        {
            "Action": "EditData",
            "Target": "Characters/Dialogue/Sam",
            "When": { "After Dark Events": "All Events, No Jealousy Events" },
            "Entries": {
                "Event_band1": "{{i18n:AD.Sam.Events.Vanilla.2Heart.Response}}",
                "Event_band2": "{{i18n:AD.Sam.Events.Vanilla.2Heart.Response}}",
                "Event_band3": "{{i18n:AD.Sam.Events.Vanilla.2Heart.Response}}",
                "Event_band4": "{{i18n:AD.Sam.Events.Vanilla.2Heart.Response}}"
            }
        },
        // 3h rewritten
        {
            "Action": "EditData",
            "Target": "Data/Events/Beach",
            "When": { "After Dark Events": "All Events, No Jealousy Events" },
            "Entries": {
                "733330/f Sam 750/w sunny/t 700 1500/z winter/y 1": "ocean/-1000 -1000/farmer 40 9 2 Sam 41 18 2 Vincent 43 22 2/skippable/animate Vincent false true 500 18 19/specificTemporarySprite beachStuff/viewport 42 19 true/move farmer 0 9 1/faceDirection Sam 3/speak Sam \"{{i18n:AD.Sam.Events.Vanilla.3Heart.1}}\"/faceDirection farmer 2/faceDirection Sam 2/pause 800/speak Sam \"{{i18n:AD.Sam.Events.Vanilla.3Heart.2}}\"/pause 1000/emote Sam 28/pause 400/speak Sam \"{{i18n:AD.Sam.Events.Vanilla.3Heart.3}}\"/jump Vincent/stopAnimation Vincent/showFrame Vincent 0/pause 1000/move Vincent 0 -4 3/move Vincent -1 0 3/faceDirection Sam 1/faceDirection farmer 1/playMusic desolate/speak Vincent \"{{i18n:AD.Sam.Events.Vanilla.3Heart.4}}\"/pause 900/speak Vincent \"{{i18n:AD.Sam.Events.Vanilla.3Heart.5}}\"/emote Sam 28/showFrame Sam 34/pause 800/speak Sam \"{{i18n:AD.Sam.Events.Vanilla.3Heart.6}}\"/pause 600/speak Vincent \"{{i18n:AD.Sam.Events.Vanilla.3Heart.7}}\"/showFrame Sam 35/pause 1500/speak Sam \"{{i18n:AD.Sam.Events.Vanilla.3Heart.8}}\"/showFrame Sam 4/speak Sam \"{{i18n:AD.Sam.Events.Vanilla.3Heart.9}}\"/playMusic ocean/speak Vincent \"{{i18n:AD.Sam.Events.Vanilla.3Heart.10}}\"/jump Vincent/pause 1000/move Vincent 1 0 2/showFrame Sam 4 true/faceDirection Sam 2 true/move Vincent 0 4 2/animate Vincent false true 500 18 19/playSound sandyStep/pause 800/faceDirection Sam 3/pause 800/faceDirection Sam 2/faceDirection farmer 2/pause 1000/speak Sam \"{{i18n:AD.Sam.Events.Vanilla.3Heart.11}}\"/pause 1000/question null \"#{{i18n:AD.Sam.Events.Vanilla.3Heart.12}}#{{i18n:AD.Sam.Events.Vanilla.3Heart.13}}\"/emote Sam 40/pause 1000/splitSpeak Sam \"{{i18n:AD.Sam.Events.Vanilla.3Heart.14}}~{{i18n:AD.Sam.Events.Vanilla.3Heart.15}}\"/pause 700/faceDirection Sam 3/faceDirection farmer 1/speak Sam \"{{i18n:AD.Sam.Events.Vanilla.3Heart.16}}\"/pause 200/emote farmer 16/pause 400/message \"{{i18n:AD.Sam.Events.Vanilla.3Heart.17}}\"/pause 200/emote Sam 32/pause 400/speak Sam \"{{i18n:AD.Sam.Events.Vanilla.3Heart.18}}\"/pause 500/globalFade/viewport -1000 -1000/end"
            }
        },
        // 3h bathhouse
        {
            "Action": "EditData",
            "Target": "Data/Events/Bathhouse_Pool",
            "When": { "After Dark Events": "All Events, No Jealousy Events" },
            "Entries": {
                "SamADBathhouse/f Sam 750/e SamADBreakIn/t 1700 2100": "pool_ambient/-1000 -1000/farmer 14 29 2 Shadow -2000 -2000 0/swimming farmer/skippable/pause 1500/viewport 14 29 true/message \"{{i18n:AD.Sam.Events.Bathhouse.1}}\"/pause 1500/emote farmer 32/pause 500/move farmer 0 3 2/pause 200/faceDirection farmer 0/pause 200/playSound slosh/pause 1500/playSound clank/pause 400/playSound clank/pause 400/playSound clubhit/viewport -1000 -1000/pause 500/message \"{{i18n:AD.Sam.Events.Bathhouse.2}}\"/pause 3500/message \"{{i18n:AD.Sam.Events.Bathhouse.3}}\"/pause 500/playSound stoneStep/pause 400/playSound stoneStep/pause 400/playSound stoneStep/pause 400/playSound stoneStep/pause 400/message \"{{i18n:AD.Sam.Events.Bathhouse.4}}\"/pause 200/playSound Shadow_Breath1/pause 2000/message \"{{i18n:AD.Sam.Events.Bathhouse.5}}\"/pause 400/speak Shadow \"{{i18n:AD.Sam.Events.Bathhouse.6{{GeneralPlayerEndearment}}}}\"/pause 800/message \"{{i18n:AD.Sam.Events.Bathhouse.7}}\"/pause 400/speak Shadow \"{{i18n:AD.Sam.Events.Bathhouse.8}}\"/pause 800/message \"{{i18n:AD.Sam.Events.Bathhouse.9}}\"/pause 400/message \"{{i18n:AD.Sam.Events.Bathhouse.10}}\"/pause 400/speak Shadow \"{{i18n:AD.Sam.Events.Bathhouse.11{{GeneralPlayerEndearment}}}}\"/pause 400/message \"{{i18n:AD.Sam.Events.Bathhouse.12}}\"/pause 200/speak Shadow \"{{i18n:AD.Sam.Events.Bathhouse.13}}\"/pause 400/playSound stoneStep/pause 400/playSound stoneStep/pause 400/playSound stoneStep/pause 400/playSound stoneStep/pause 400/playSound stoneStep/pause 800/playSound clank/pause 400/playSound clank/pause 400/playSound clubhit/faceDirection farmer 2/viewport 14 29/pause 1250/emote farmer 28/pause 400/message \"{{i18n:AD.Sam.Events.Bathhouse.14}}\"/pause 200/end warpOut"
            }
        },
        // 4h rewritten
        {
            "Action": "EditData",
            "Target": "Data/Events/SamHouse",
            "When": { "After Dark Events": "All Events, No Jealousy Events" },
            "Entries": {
                "46/f Sam 1000/p Sam": "playful/7 4/farmer 7 12 0 Sam 7 5 0/skippable/move farmer 0 -6 0/faceDirection Sam 2/pause 300/speak Sam \"{{i18n:AD.Sam.Events.Vanilla.4Heart.1}}\"/pause 200/emote farmer 28/pause 500/speak Sam \"{{i18n:AD.Sam.Events.Vanilla.4Heart.2}}\"/pause 400/emote farmer 32/pause 400/faceDirection Sam 0/pause 500/playSound openBox/pause 500/faceDirection Sam 3/playSound dwop/specificTemporarySprite dropEgg/showFrame Sam 33/jump Sam/pause 1000/emote Sam 12/showFrame Sam 12/speak Sam \"{{i18n:AD.Sam.Events.Vanilla.4Heart.3}}\"/pause 200/faceDirection Sam 2/pause 200/quickQuestion {{i18n:AD.Sam.Events.Vanilla.4Heart.4}}#{{i18n:AD.Sam.Events.Vanilla.4Heart.5}}#{{i18n:AD.Sam.Events.Vanilla.4Heart.6}}(break)speak Sam \"{{i18n:AD.Sam.Events.Vanilla.4Heart.7}}\"(break)speak Sam \"{{i18n:AD.Sam.Events.Vanilla.4Heart.8}}\"/pause 200/faceDirection farmer 3/move farmer -2 0 2/move farmer 0 -1 0/move farmer -2 0 3/faceDirection farmer 0/faceDirection Sam 3/pause 400/message \"{{i18n:AD.Sam.Events.Vanilla.4Heart.9}}\"/pause 200/faceDirection farmer 1/pause 200/emote farmer 8/pause 400/speak Sam \"{{i18n:AD.Sam.Events.Vanilla.4Heart.10}}\"/pause 300/faceDirection Sam 3/emote Sam 32/pause 400/globalFade/viewport -1000 -1000/end"
            }
        },
        // 5h wet dream but irl
        {
            "Action": "EditData",
            "Target": "Data/Events/Forest",
            "When": { "After Dark Events": "All Events, No Jealousy Events" },
            "Entries": {
                "SamADTrippin/e SamADWetDream/f Sam 1250/t 1700 2000": "fall1/-1000 -1000/farmer 34 25 2 Sam 34 16 2/faceDirection Sam 2/skippable/viewport 34 25 clamp true/pause 400/move Sam 0 5 2/pause 200/emote Sam 40/pause 400/textAboveHead Sam \"{{i18n:AD.Sam.Events.SamTrippin.1}}\"/pause 400/faceDirection farmer 0/pause 400/emote farmer 8/speak Sam \"{{i18n:AD.Sam.Events.SamTrippin.2}}\"/pause 200/move Sam 0 2 2/pause 200/speak Sam \"{{i18n:AD.Sam.Events.SamTrippin.3}}\"/pause 200/quickQuestion #{{i18n:AD.Sam.Events.SamTrippin.4}}#{{i18n:AD.Sam.Events.SamTrippin.5}}(break)speak Sam \"{{i18n:AD.Sam.Events.SamTrippin.6}}\"(break)speak Sam \"{{i18n:AD.Sam.Events.SamTrippin.7}}\"/pause 200/emote farmer 32/pause 400/move Sam 1 0 1 true/faceDirection farmer 2/move Sam 0 2 2/pause 400/animate Sam true true 100 1 2/positionOffset Sam 0 12/pause 100/positionOffset Sam -4 0/pause 100/positionOffset Sam -4 0/pause 100/positionOffset Sam -4 0/pause 100/stopAnimation Sam/positionOffset Sam -4 0/pause 200/message \"{{i18n:AD.Sam.Events.SamTrippin.8}}\"/pause 200/emote Sam 32/pause 400/speak Sam \"{{i18n:AD.Sam.Events.SamTrippin.9}}\"/pause 200/emote farmer 8/pause 400/speak Sam \"{{i18n:AD.Sam.Events.SamTrippin.10}}\"/pause 200/emote farmer 60/pause 400/speak Sam \"{{i18n:AD.Sam.Events.SamTrippin.11}}\"/pause 200/quickQuestion #{{i18n:AD.Sam.Events.SamTrippin.12}}#{{i18n:AD.Sam.Events.SamTrippin.13}}(break)faceDirection Sam 3\\pause 200\\faceDirection farmer 1\\pause 200\\speak Sam \"{{i18n:AD.Sam.Events.SamTrippin.14}}\"\\pause 200\\emote farmer 32\\pause 400\\faceDirection Sam 2\\pause 200\\speak Sam \"{{i18n:AD.Sam.Events.SamTrippin.15}}\"\\pause 200\\emote farmer 12\\pause 400\\faceDirection farmer 2(break)pause 200\\emote Sam 40\\message \"{{i18n:AD.Sam.Events.SamTrippin.16}}\"\\pause 200\\speak Sam \"{{i18n:AD.Sam.Events.SamTrippin.17}}\"\\pause 600\\message \"...\"\\pause 200\\message \"{{i18n:AD.Sam.Events.SamTrippin.18}}\"\\pause 200\\emote farmer 40/pause 400/end dialogueWarpOut Sam \"{{i18n:AD.Sam.Events.SamTrippin.19}}\""
            }
        },
        // 6h rewritten
        {
            "Action": "EditData",
            "Target": "Data/Events/Town",
            "When": { "After Dark Events": "All Events, No Jealousy Events" },
            "Entries": {
                "45/f Sam 1500/t 1200 1600/w sunny": "breezy/-1000 -1000/farmer 20 93 3 Sam 12 90 2 Lewis 28 78 1/skippable/showFrame Sam 25/viewport 22 89 true/specificTemporarySprite samSkate1/null/pause 400/faceDirection farmer 1/specificTemporarySprite skateboardFly/faceDirection Sam 2/showFrame Sam 0/emote Sam 12/pause 1000/speak Sam \"{{i18n:AD.Sam.Events.Vanilla.6Heart.1}}\"/pause 800/move farmer 0 -2 1/emote Sam 16 true/move farmer 7 0 1/faceDirection farmer 0/pause 300/speak Sam \"{{i18n:AD.Sam.Events.Vanilla.6Heart.2}}\"/pause 200/emote farmer 28/pause 400/emote Sam 32/pause 400/speak Sam \"{{i18n:AD.Sam.Events.Vanilla.6Heart.3}}\"/pause 200/emote farmer 40/pause 400/speak Sam \"{{i18n:AD.Sam.Events.Vanilla.6Heart.4}}\"/emote farmer 60 true/move Lewis 0 12 3/faceDirection Sam 1/pause 200/emote Lewis 12/pause 400/speak Lewis \"{{i18n:AD.Sam.Events.Vanilla.6Heart.5}}\"/pause 200/emote Sam 40/pause 400/speak Sam \"{{i18n:AD.Sam.Events.Vanilla.6Heart.6}}\"/pause 200/emote Lewis 12/pause 400/speak Lewis \"{{i18n:AD.Sam.Events.Vanilla.6Heart.7}}\"/pause 400/move Lewis 0 -16 0 true/faceDirection Sam 2/pause 200/textAboveHead Sam \"{{i18n:AD.Sam.Events.Vanilla.6Heart.8}}\"/pause 400/speak Sam \"{{i18n:AD.Sam.Events.Vanilla.6Heart.9}}\"/pause 200/emote farmer 12/pause 400/emote Sam 32/pause 400/speak Sam \"{{i18n:AD.Sam.Events.Vanilla.6Heart.10}}\"/pause 800/emote farmer 40/pause 600/end"
            }
        },
        // 6h responses
        {
            "Action": "EditData",
            "Target": "Characters/Dialogue/Sam",
            "When": { "After Dark Events": "All Events, No Jealousy Events" },
            "Entries": {
                "eventSeen_45": "{{i18n:AD.Sam.Events.Vanilla.6HeartResponses.1}}",
                "eventSeen_45_memory_oneweek": "{{i18n:AD.Sam.Events.Vanilla.6HeartResponses.2}}"
            }
        },
        // 7h chapel
        {
            "Action": "EditData",
            "Target": "Data/Events/SeedShop",
            "When": { "After Dark Events": "All Events, No Jealousy Events" },
            "Entries": {
                "SamADChapel/f Sam 1750/e SamADBathhouse/t 1500 2000": "continue/-1000 -1000/farmer 37 19 0 Shadow -100 -100 0/skippable/showFrame farmer 113/viewport 37 19 true/pause 1000/emote farmer 28/pause 400/message \"{{i18n:AD.Sam.Events.Chapel.1}}\"/pause 1000/viewport -1000 -1000/pause 500/message \"{{i18n:AD.Sam.Events.Chapel.2}}\"/pause 400/glow 100 100 100 true/pause 400/message \"{{i18n:AD.Sam.Events.Chapel.3}}\"/pause 200/speak Shadow \"{{i18n:AD.Sam.Events.Chapel.4{{GeneralPlayerEndearment}}}}\"/pause 200/message \"{{i18n:AD.Sam.Events.Chapel.5}}\"/pause 400/message \"{{i18n:AD.Sam.Events.Chapel.6}}\"/pause 400/message \"{{i18n:AD.Sam.Events.Chapel.7}}\"/pause 400/message \"{{i18n:AD.Sam.Events.Chapel.8}}\"/pause 400/message \"{{i18n:AD.Sam.Events.Chapel.9}}\"/pause 200/speak Shadow \"{{i18n:AD.Sam.Events.Chapel.10{{GeneralPlayerEndearment}}}}\"/pause 200/message \"{{i18n:AD.Sam.Events.Chapel.11}}\"/pause 200/speak Shadow \"{{i18n:AD.Sam.Events.Chapel.12{{GeneralPlayerEndearment}}}}\"/pause 200/message \"{{i18n:AD.Sam.Events.Chapel.13}}\"/pause 200/speak Shadow \"{{i18n:AD.Sam.Events.Chapel.14{{GeneralPlayerEndearment}}}}\"/pause 200/message \"{{i18n:AD.Sam.Events.Chapel.15}}\"/speak Shadow \"{{i18n:AD.Sam.Events.Chapel.16{{GeneralPlayerEndearment}}}}\"/pause 200/playSound doorClose/pause 400/playSound stoneStep/pause 400/playSound stoneStep/pause 400/playSound stoneStep/pause 400/message \"{{i18n:AD.Sam.Events.Chapel.17}}\"/pause 200/speak Shadow \"{{i18n:AD.Sam.Events.Chapel.18{{GeneralPlayerEndearment}}}}\"/pause 200/message \"{{i18n:AD.Sam.Events.Chapel.19}}\"/pause 1000/message \"{{i18n:AD.Sam.Events.Chapel.20}}\"/pause 1000/end"
            }
        },
        // 8h farm
        {
            "Action": "EditData",
            "Target": "Data/Events/Farm",
            "When": { "After Dark Events": "All Events, No Jealousy Events" },
            "Entries": {
                "47/f Sam 2000/t 600 800/e 44": "continue/64 15/farmer 64 16 2 Sam 64 18 0/pause 1500/speak Sam \"{{i18n:AD.Sam.Events.Vanilla.8Heart.1}}\"/pause 300/end dialogue Sam \"{{i18n:AD.Sam.Events.Vanilla.8Heart.2}}\""
            }
        },
        // 8h bus stop
        {
            "Action": "EditData",
            "Target": "Data/Events/BusStop",
            "When": { "After Dark Events": "All Events, No Jealousy Events" },
            "Entries": {
                "4081148/e 47/t 1600 1900": "none/-1000 -1000/farmer 23 22 0 Sam 24 10 2 Sebastian 25 11 3 Emily 20 11 3 Maru 19 10 2 Shane 22 15 0 Elliott 27 14 1 Leah 28 14 3 Abigail 23 11 1 Penny 28 10 3 Harvey 18 11 1 Linus 31 5 2 Jodi 18 15 2 Vincent 18 16 0/viewport 22 11 clamp true/skippable/move farmer 0 -10 0 true/move Shane 0 -6 0 true/proceedPosition Shane/warp Shane -100 -100/proceedPosition farmer/move farmer 1 0 0 false/speak Sam \"{{i18n:AD.Sam.Events.Vanilla.8Heart.3}}\"/faceDirection Sam 3/faceDirection Sam 1/faceDirection Sam 2/speak Sam \"{{i18n:AD.Sam.Events.Vanilla.8Heart.4}}\"/speak Sam \"{{i18n:AD.Sam.Events.Vanilla.8Heart.5}}\"/pause 600/move Abigail -1 0 0 true/move Emily 1 0 1 true/faceDirection Maru 1/proceedPosition Abigail/move Abigail 0 -2 2 true/move Sebastian -3 0 0 true/move Elliott -5 0 0 true/move Leah -5 0 0 true/globalFade/viewport -1000 -1000/pause 3000/speak Sam \"{{i18n:AD.Sam.Events.Vanilla.8Heart.6}}\"/pause 1000/playSound busDoorOpen/pause 4000/speak Sam \"{{i18n:AD.Sam.Events.Vanilla.8Heart.7}}\"/pause 800/changeToTemporaryMap SamShow false/warp Sam 18 14/faceDirection Sam 0 true/warp Sebastian 21 14/positionOffset Sebastian 20 -20/warp Abigail 15 13/positionOffset Abigail 40 -24/warp farmer 18 20/warp Elliott 20 19/faceDirection Elliott 0/warp Leah 21 19/faceDirection Leah 0 true/warp Maru 13 16/faceDirection Maru 1 true/warp Harvey 14 17/faceDirection Harvey 0 true/warp Emily 21 16/faceDirection Emily 0 true/warp Shane 16 20/warp Linus 31 14/faceDirection Linus 0 true/warp Penny 17 16/faceDirection Penny 0 true/faceDirection Sebastian 2 true/warp Jodi 11 19/warp Vincent 12 19/faceDirection Jodi 0/viewport 18 15 true/move farmer 0 -4 0/pause 3000/faceDirection Sam 2/pause 800/jump Sam/pause 1000/cutscene bandFork/mail afterSamShow/end dialogue Sam \"{{i18n:AD.Sam.Events.Vanilla.8Heart.8}}\""
            }
        },
        // 8h concert
        {
            "Action": "EditData",
            "Target": "Data/Events/Temp",
            "When": { "After Dark Events": "All Events, No Jealousy Events" },
            "Entries": {
                "poppy": "pause 100/speak Sam \"{{i18n:AD.Sam.Events.Vanilla.8Heart.9}}\"/speak Sam \"$p 20#{{i18n:AD.Sam.Events.Vanilla.8Heart.10}} |$p 8820#{{i18n:AD.Sam.Events.Vanilla.8Heart.11}} |$p 8821#{{i18n:AD.Sam.Events.Vanilla.8Heart.12}} |{{i18n:AD.Sam.Events.Vanilla.8Heart.13}}\"/playMusic samBand/animate Abigail false true 118 49 34 35 48/pause 1890/animate Sam false true 236 20 21/animate Sebastian false true 118 42 43 52 53/animate Vincent false true 236 20 8 21 8/animate Emily false true 236 16 17/animate Leah false true 236 30 31/animate Elliott false true 236 36 37/animate Maru false true 236 29 30/pause 31000/jump Sam/pause 400/animate Sam false true 236 22 23/pause 28500/stopAnimation Sam/stopAnimation Sebastian/stopAnimation Abigail/pause 800/stopAnimation Vincent/stopAnimation Elliott/stopAnimation Leah/stopAnimation Maru/stopAnimation Emily/speak Emily \"$p 78#{{i18n:AD.Sam.Events.Vanilla.8Heart.14}}|{{i18n:AD.Sam.Events.Vanilla.8Heart.15}}\"/speak Leah \"$p 79#{{i18n:AD.Sam.Events.Vanilla.8Heart.16}}|{{i18n:AD.Sam.Events.Vanilla.8Heart.17}}\"/speak Shane \"$p 77#{{i18n:AD.Sam.Events.Vanilla.8Heart.18}}|{{i18n:AD.Sam.Events.Vanilla.8Heart.19}}\"/move Sam 1 0 2/speak Sam \"{{i18n:AD.Sam.Events.Vanilla.8Heart.20{{GeneralPlayerPronoun}}}}\"/faceDirection Sam 2/faceDirection Leah 3/faceDirection Penny 1/faceDirection farmer 3/speak Penny \"{{i18n:AD.Sam.Events.Vanilla.8Heart.21}}\"/pause 300/faceDirection Penny 0 true/faceDirection Leah 0/faceDirection farmer 0 true/move Sam -1 0 2/speak Sam \"{{i18n:AD.Sam.Events.Vanilla.8Heart.22}}\"/pause 1000/mail afterSamShow/globalFade/viewport -1000 -1000/pause 4000/speak Sam \"{{i18n:AD.Sam.Events.Vanilla.8Heart.23}}\"/end",
                "heavy": "pause 100/speak Sam \"{{i18n:AD.Sam.Events.Vanilla.8Heart.9}}\"/speak Sam \"$p 20#{{i18n:AD.Sam.Events.Vanilla.8Heart.10}} |$p 8820#{{i18n:AD.Sam.Events.Vanilla.8Heart.11}} |$p 8821#{{i18n:AD.Sam.Events.Vanilla.8Heart.12}} |{{i18n:AD.Sam.Events.Vanilla.8Heart.13}}\"/playMusic samBand/animate Abigail false true 125 49 34 35 48/pause 2500/animate Sam false true 250 20 21/animate Sebastian false true 125 42 43 52 53/animate Vincent false true 250 20 8 21 8/animate Emily false true 250 16 17/animate Leah false true 250 30 31/animate Elliott false true 250 36 37/animate Maru false true 250 29 30/pause 31500/jump Sam/pause 500/animate Sam false true 236 22 23/pause 15000/stopAnimation Sam/stopAnimation Sebastian/stopAnimation Abigail/pause 700/animate Abigail false true 250 49 34 35 48/animate Sam false true 500 20 21/animate Sebastian false true 250 42 43 52 53/pause 10000/stopAnimation Sam/stopAnimation Sebastian/stopAnimation Abigail/pause 800/stopAnimation Vincent/stopAnimation Elliott/stopAnimation Leah/stopAnimation Maru/stopAnimation Emily/speak Emily \"$p 78#{{i18n:AD.Sam.Events.Vanilla.8Heart.14}}|{{i18n:AD.Sam.Events.Vanilla.8Heart.15}}\"/speak Leah \"$p 79#{{i18n:AD.Sam.Events.Vanilla.8Heart.16}}|{{i18n:AD.Sam.Events.Vanilla.8Heart.17}}\"/speak Shane \"$p 77#{{i18n:AD.Sam.Events.Vanilla.8Heart.18}}|{{i18n:AD.Sam.Events.Vanilla.8Heart.19}}\"/move Sam 1 0 2/speak Sam \"{{i18n:AD.Sam.Events.Vanilla.8Heart.20{{GeneralPlayerPronoun}}}}\"/faceDirection Sam 2/faceDirection Leah 3/faceDirection Penny 1/faceDirection farmer 3/speak Penny \"{{i18n:AD.Sam.Events.Vanilla.8Heart.21}}\"/pause 300/faceDirection Penny 0 true/faceDirection Leah 0/faceDirection farmer 0 true/move Sam -1 0 2/speak Sam \"{{i18n:AD.Sam.Events.Vanilla.8Heart.22}}\"/pause 1000/mail afterSamShow/globalFade/viewport -1000 -1000/pause 4000/speak Sam \"{{i18n:AD.Sam.Events.Vanilla.8Heart.23}}\"/end",
                "techno": "pause 100/speak Sam \"{{i18n:AD.Sam.Events.Vanilla.8Heart.9}}\"/speak Sam \"$p 20#{{i18n:AD.Sam.Events.Vanilla.8Heart.10}} |$p 8820#{{i18n:AD.Sam.Events.Vanilla.8Heart.11}} |$p 8821#{{i18n:AD.Sam.Events.Vanilla.8Heart.12}} |{{i18n:AD.Sam.Events.Vanilla.8Heart.13}}\"/playMusic samBand/faceDirection Sam 1 true/pause 1200/animate Sebastian false true 158 42 43 52 53/pause 10100/animate Emily false true 316 16 17/animate Vincent false true 316 20 8 21 8/faceDirection Sam 3 true/animate Abigail false true 158 49 34 35 48/pause 9100/faceDirection Sam 2 true/showFrame Sam 20/pause 1000/animate Sam false true 316 20 21/animate Leah false true 316 30 31/animate Elliott false true 316 36 37/animate Maru false true 316 29 30/pause 20000/jump Sam/pause 400/animate Sam false true 316 22 23/pause 19000/stopAnimation Sam/stopAnimation Sebastian/stopAnimation Abigail/pause 800/stopAnimation Vincent/stopAnimation Elliott/stopAnimation Leah/stopAnimation Maru/stopAnimation Emily/speak Emily \"$p 78#{{i18n:AD.Sam.Events.Vanilla.8Heart.14}}|{{i18n:AD.Sam.Events.Vanilla.8Heart.15}}\"/speak Leah \"$p 79#{{i18n:AD.Sam.Events.Vanilla.8Heart.16}}|{{i18n:AD.Sam.Events.Vanilla.8Heart.17}}\"/speak Shane \"$p 77#{{i18n:AD.Sam.Events.Vanilla.8Heart.18}}|{{i18n:AD.Sam.Events.Vanilla.8Heart.19}}\"/move Sam 1 0 2/speak Sam \"{{i18n:AD.Sam.Events.Vanilla.8Heart.20{{GeneralPlayerPronoun}}}}\"/faceDirection Sam 2/faceDirection Leah 3/faceDirection Penny 1/faceDirection farmer 3/speak Penny \"{{i18n:AD.Sam.Events.Vanilla.8Heart.21}}\"/pause 300/faceDirection Penny 0 true/faceDirection Leah 0/faceDirection farmer 0 true/move Sam -1 0 2/speak Sam \"{{i18n:AD.Sam.Events.Vanilla.8Heart.22}}\"/pause 1000/mail afterSamShow/globalFade/viewport -1000 -1000/pause 4000/speak Sam \"{{i18n:AD.Sam.Events.Vanilla.8Heart.23}}\"/end",
                "honkytonk": "pause 100/speak Sam \"{{i18n:AD.Sam.Events.Vanilla.8Heart.9}}\"/speak Sam \"$p 20#{{i18n:AD.Sam.Events.Vanilla.8Heart.10}} |$p 8820#{{i18n:AD.Sam.Events.Vanilla.8Heart.11}} |$p 8821#{{i18n:AD.Sam.Events.Vanilla.8Heart.12}} |{{i18n:AD.Sam.Events.Vanilla.8Heart.13}}\"/playMusic samBand/pause 1200/pause 1666/animate Sebastian false true 104 42 43 52 53/pause 1666/animate Sam false true 208 20 21/animate Vincent false true 208 20 8 21 8/animate Emily false true 208 16 17/animate Leah false true 208 30 31/animate Elliott false true 208 36 37/animate Maru false true 208 29 30/pause 26000/animate Sam false true 208 22 23/pause 12500/animate Abigail false true 104 49 34 35 48/jump Sam/pause 400/animate Sam false true 208 20 21/pause 17500/stopAnimation Sam/stopAnimation Sebastian/stopAnimation Abigail/pause 800/stopAnimation Vincent/stopAnimation Elliott/stopAnimation Leah/stopAnimation Maru/stopAnimation Emily/speak Emily \"$p 78#{{i18n:AD.Sam.Events.Vanilla.8Heart.14}}|{{i18n:AD.Sam.Events.Vanilla.8Heart.15}}\"/speak Leah \"$p 79#{{i18n:AD.Sam.Events.Vanilla.8Heart.16}}|{{i18n:AD.Sam.Events.Vanilla.8Heart.17}}\"/speak Shane \"$p 77#{{i18n:AD.Sam.Events.Vanilla.8Heart.18}}|{{i18n:AD.Sam.Events.Vanilla.8Heart.19}}\"/move Sam 1 0 2/speak Sam \"{{i18n:AD.Sam.Events.Vanilla.8Heart.20{{GeneralPlayerPronoun}}}}\"/faceDirection Sam 2/faceDirection Leah 3/faceDirection Penny 1/faceDirection farmer 3/speak Penny \"{{i18n:AD.Sam.Events.Vanilla.8Heart.21}}\"/pause 300/faceDirection Penny 0 true/faceDirection Leah 0/faceDirection farmer 0 true/move Sam -1 0 2/speak Sam \"{{i18n:AD.Sam.Events.Vanilla.8Heart.22}}\"/pause 1000/mail afterSamShow/globalFade/viewport -1000 -1000/pause 4000/speak Sam \"{{i18n:AD.Sam.Events.Vanilla.8Heart.23}}\"/end"
            }
        },
        // 9h figure has his bawls in your hand, will u squeeze?
        {
            "Action": "EditData",
            "Target": "Data/Events/Forest",
            "When": { "After Dark Events": "All Events, No Jealousy Events" },
            "Entries": {
                "SamADFigureTease/e SamADChapel/f Sam 2250/t 2000 2400": "fall1/-1000 -1000/farmer 34 25 2 Shadow 34 16 2/faceDirection Shadow 2/skippable/viewport 34 25 clamp true/pause 400/move Shadow 0 5 2/pause 200/emote Shadow 32/pause 400/textAboveHead Shadow \"{{i18n:AD.Sam.Events.FigureTeasin.1}}\"/pause 600/emote farmer 16/pause 400/faceDirection farmer 0/pause 200/move Shadow 0 2 2/pause 200/speak Shadow \"{{i18n:AD.Sam.Events.FigureTeasin.2}}\"/pause 200/emote farmer 8/pause 400/speak Shadow \"{{i18n:AD.Sam.Events.FigureTeasin.3}}\"/pause 200/move Shadow 0 1 2/pause 400/speak Shadow \"{{i18n:AD.Sam.Events.FigureTeasin.4}}\"/pause 200/emote farmer 28/pause 350/quickQuestion #{{i18n:AD.Sam.Events.FigureTeasin.5}}#{{i18n:AD.Sam.Events.FigureTeasin.6}}(break)speak Shadow \"{{i18n:AD.Sam.Events.FigureTeasin.7}}\"\\pause 200\\move Shadow 0 1 2\\pause 200\\speak Shadow \"{{i18n:AD.Sam.Events.FigureTeasin.8}}\"\\pause 200\\message \"{{i18n:AD.Sam.Events.FigureTeasin.9}}\"\\pause 200\\speak Shadow \"{{i18n:AD.Sam.Events.FigureTeasin.10}}\"(break)message \"{{i18n:AD.Sam.Events.FigureTeasin.11}}\"\\pause 200\\move Shadow 0 1 2\\pause 200\\speak Shadow \"{{i18n:AD.Sam.Events.FigureTeasin.12}}\"/pause 200/emote Shadow 32/pause 350/faceDirection Shadow 0/move Shadow 0 -1 0/emote farmer 40 true/move Shadow 0 -8 0/end"
            }
        },
        // no smut 10h
        {
            "Action": "EditData",
            "Target": "Data/Events/Town",
            "When": { "After Dark Events": "All Events, No Jealousy Events" },
            "Entries": {
                "233104/f Sam 2500/t 2000 2400/w sunny/n samMessage": "nightTime/-1000 -1000/farmer 32 64 2 Sam -100 -100 2 Shadow -100 -100 0/viewport 32 70 clamp true/skippable/move farmer 0 6 2/pause 400/faceDirection farmer 3/pause 200/faceDirection farmer 2/pause 200/faceDirection farmer 1/pause 200/faceDirection farmer 2/pause 200/emote farmer 12/pause 400/message \"{{i18n:AD.Sam.Events.Vanilla.10Heart.1}}\"/pause 200/emote farmer 12/pause 350/warp Shadow 32 60/move Shadow 0 9 2/emote Shadow 32/pause 300/move Shadow 0 1 2/pause 200/viewport -1000 -1000 true/glow 100 100 100 true/pause 400/message \"{{i18n:AD.Sam.Events.Vanilla.10Heart.2}}\"/pause 400/question fork0 \"#{{i18n:AD.Sam.Events.Vanilla.10Heart.3}}#{{i18n:AD.Sam.Events.Vanilla.10Heart.4}}\"/fork SamADTakeOffBlindFold/pause 200/speak Shadow \"{{i18n:AD.Sam.Events.Vanilla.10Heart.5}}\"/pause 200/message \"{{i18n:AD.Sam.Events.Vanilla.10Heart.6}}\"/pause 200/warp Shadow -100 -100/warp Sam 32 69/faceDirection Sam 2/stopGlowing/viewport 32 70/pause 400/faceDirection farmer 0/pause 200/emote farmer 16/pause 350/emote Sam 28/pause 350/speak Sam \"{{i18n:AD.Sam.Events.Vanilla.10Heart.7}}\"/pause 200/quickQuestion {{i18n:AD.Sam.Events.Vanilla.10Heart.8}}#{{i18n:AD.Sam.Events.Vanilla.10Heart.9}}#{{i18n:AD.Sam.Events.Vanilla.10Heart.10}}(break)speak Sam \"{{i18n:AD.Sam.Events.Vanilla.10Heart.11}}\"\\pause 200\\emote Sam 12\\pause 350\\speak Sam \"{{i18n:AD.Sam.Events.Vanilla.10Heart.12}}\"\\pause 200\\emote Sam 28\\pause 350\\speak Sam \"{{i18n:AD.Sam.Events.Vanilla.10Heart.13}}\"\\pause 200\\faceDirection Sam 0\\move Sam 0 -10 0 true\\emote farmer 28\\addConversationTopic killedSamRomance(break)speak Sam \"{{i18n:AD.Sam.Events.Vanilla.10Heart.14}}\"\\pause 200\\emote farmer 32\\pause 350\\speak Sam \"{{i18n:AD.Sam.Events.Vanilla.10Heart.15{{GeneralPlayerEndearment}}}}\"\\pause 200\\emote Sam 20/pause 400/globalFade/viewport -1000 -1000/pause 200/end",
                "SamADTakeOffBlindFold": "pause 200/speak Sam \"{{i18n:AD.Sam.Events.Vanilla.10Heart.16}}\"/pause 200/warp Shadow -100 -100/warp Sam 32 69/faceDirection Sam 2/stopGlowing/viewport 32 70/pause 1000/faceDirection farmer 0/pause 400/emote Sam 28/pause 350/speak Sam \"{{i18n:AD.Sam.Events.Vanilla.10Heart.17}}\"/pause 200/emote farmer 28/pause 350/quickQuestion #{{i18n:AD.Sam.Events.Vanilla.10Heart.18}}#{{i18n:AD.Sam.Events.Vanilla.10Heart.19}}(break)speak Sam \"{{i18n:AD.Sam.Events.Vanilla.10Heart.20}}\"\\pause 200\\emote Sam 16\\pause 350\\speak Sam \"{{i18n:AD.Sam.Events.Vanilla.10Heart.21}}\"\\pause 200\\emote farmer 32\\pause 350\\speak Sam \"{{i18n:AD.Sam.Events.Vanilla.10Heart.22{{GeneralPlayerEndearment}}}}\"\\pause 200\\emote farmer 60\\pause 400\\globalFade\\viewport -1000 -1000\\speak Sam \"{{i18n:AD.Sam.Events.Vanilla.10Heart.23}}\"(break)speak Sam \"{{i18n:AD.Sam.Events.Vanilla.10Heart.24}}\"\\pause 200\\emote farmer 32\\pause 200\\speak Sam \"{{i18n:AD.Sam.Events.Vanilla.10Heart.25{{GeneralPlayerEndearment}}}}\"\\pause 200\\emote farmer 60\\pause 400\\globalFade\\viewport -1000 -1000/pause 200/end"
            }
        },
        // 10h conversation topics
        {
            "Action": "EditData",
            "Target": "Characters/Dialogue/Sam",
            "When": { "After Dark Events": "All Events, No Jealousy Events" },
            "Entries": {
                "killedSamRomance_memory_oneday": "{{i18n:AD.Sam.Events.Vanilla.10Heart.Response}}"
            }
        },
        // 14h rewritten
        {
            "Action": "EditData",
            "Target": "Data/Events/FarmHouse",
            "When": { "After Dark Events": "All Events, No Jealousy Events" },
            "Entries": {
                "3918600/f Sam 3500/O Sam/t 610 1700/p Sam/L": "distantBanjo/-1000 -1000/farmer 50 24 1 Sam 53 24 0/addConversationTopic samJob1 2/skippable/makeInvisible 52 24/makeInvisible 51 24/makeInvisible 50 24/viewport -100 -100 true unfreeze/pause 3000/emote Sam 28/pause 500/move farmer 2 0 1/emote farmer 8/faceDirection Sam 3/pause 400/speak Sam \"{{i18n:AD.Sam.Events.Vanilla.14Heart.1{{GeneralPlayerEndearment}}}}\"/pause 100/faceDirection Sam 0/emote Sam 40/pause 500/speak Sam \"{{i18n:AD.Sam.Events.Vanilla.14Heart.2}}\"/pause 500/emote farmer 20/faceDirection Sam 3/speak Sam \"{{i18n:AD.Sam.Events.Vanilla.14Heart.3}}\"/faceDirection Sam 0/pause 400/speak Sam \"{{i18n:AD.Sam.Events.Vanilla.14Heart.4}}\"/faceDirection Sam 3/speak Sam \"{{i18n:AD.Sam.Events.Vanilla.14Heart.5}}\"/emote farmer 32/pause 500/end",
                "3918601/e 3918600/O Sam/t 610 1700/A samJob1/p Sam/L": "distantBanjo/-1000 -1000/farmer 52 24 1 Sam 53 24 0/addConversationTopic samJob2 2/skippable/makeInvisible 52 24/animate Sam false true 400 43 51/viewport -100 -100 true unfreeze/pause 4000/stopAnimation Sam/showFrame Sam 39/pause 400/jump Sam/emote Sam 16/pause 500/speak Sam \"{{i18n:AD.Sam.Events.Vanilla.14Heart.6}}\"/pause 500/stopAnimation Sam/animate Sam false true 400 43 51/pause 500/speak Sam \"{{i18n:AD.Sam.Events.Vanilla.14Heart.7}}\"/pause 500/emote Sam 40/pause 1000/textAboveHead Sam \"{{i18n:AD.Sam.Events.Vanilla.14Heart.8}}\"/animate Sam false true 400 43 51/pause 1000/speak Sam \"{{i18n:AD.Sam.Events.Vanilla.14Heart.9}}\"/emote Sam 28/pause 1000/message \"{{i18n:AD.Sam.Events.Vanilla.14Heart.10}}\"/speak Sam \"{{i18n:AD.Sam.Events.Vanilla.14Heart.11}}\"/stopAnimation Sam/showFrame Sam 0/pause 300/faceDirection Sam 3/pause 1000/quickQuestion #{{i18n:AD.Sam.Events.Vanilla.14Heart.12}}#{{i18n:AD.Sam.Events.Vanilla.14Heart.13}}#{{i18n:AD.Sam.Events.Vanilla.14Heart.14}}(break)pause 100\\speak Sam \"{{i18n:AD.Sam.Events.Vanilla.14Heart.15}}\"(break)pause 100\\speak Sam \"{{i18n:AD.Sam.Events.Vanilla.14Heart.16}}\"(break)pause 100\\speak Sam \"{{i18n:AD.Sam.Events.Vanilla.14Heart.17}}\"/pause 1000/faceDirection Sam 0/speak Sam \"{{i18n:AD.Sam.Events.Vanilla.14Heart.18}}\"/quickQuestion #{{i18n:AD.Sam.Events.Vanilla.14Heart.19}}#{{i18n:AD.Sam.Events.Vanilla.14Heart.20}}(break)animate Sam false true 100 33\\shake Sam 4000\\pause 500\\textAboveHead Sam \"{{i18n:AD.Sam.Events.Vanilla.14Heart.21}}\"\\faceDirection farmer 2 true\\animate farmer false true 200 102 103(break)pause 100\\speak Sam \"{{i18n:AD.Sam.Events.Vanilla.14Heart.22}}\"/pause 2000/end dialogue Sam \"{{i18n:AD.Sam.Events.Vanilla.14Heart.23}}\"",
                "3918602/e 3918601/O Sam/t 610 1700/A samJob2/p Sam/L": "none/-1000 -1000/farmer 52 24 1 Sam 53 24 3/addConversationTopic samJob3 3/skippable/makeInvisible 52 24/viewport -100 -100 true unfreeze/pause 2000/speak Sam \"{{i18n:AD.Sam.Events.Vanilla.14Heart.24}}\"/pause 400/faceDirection Sam 2/animate Sam false true 400 52 53/playMusic sam_acoustic2/pause 26000/stopAnimation Sam/showFrame Sam 52/pause 1000/showFrame Sam 0/faceDirection Sam 3/speak Sam \"{{i18n:AD.Sam.Events.Vanilla.14Heart.25}}\"/emote farmer 32/speak Sam \"{{i18n:AD.Sam.Events.Vanilla.14Heart.26}}\"/emote farmer 56/pause 1200/end dialogue Sam \"{{i18n:AD.Sam.Events.Vanilla.14Heart.27}}\"",
                "3918603/e 3918602/O Sam/t 610 1700/A samJob3/p Sam/L": "distantBanjo/-1000 -1000/farmer 51 27 0 Sam 51 24 2 Jas 53 27 0 Vincent 52 27 0/skippable/makeInvisible 52 27/makeInvisible 53 27/makeInvisible 51 27/specificTemporarySprite samTV/viewport -100 -100 true unfreeze/pause 2000/speak Vincent \"{{i18n:AD.Sam.Events.Vanilla.14Heart.28}}\"/jump Vincent/pause 1000/speak Sam \"{{i18n:AD.Sam.Events.Vanilla.14Heart.29}}\"/pause 500/jump Vincent/textAboveHead Vincent \"{{i18n:AD.Sam.Events.Vanilla.14Heart.30}}\"/pause 1500/playMusic none/faceDirection Sam 1/pause 3000/playSound openBox/pause 2000/playMusic sam_acoustic1/pause 1000/specificTemporarySprite junimoShow/pause 2000/faceDirection Sam 2 true/pause 9000/animate Vincent false true 100 8 21 8 20/pause 11000/animate Jas false true 100 8 9 10 11/pause 23000/stopAnimation Jas/stopAnimation Vincent/jump Vincent/pause 800/jump Jas/pause 500/jump Vincent/pause 800/jump Jas/pause 500/jump Vincent/pause 800/jump Jas/pause 500/speak Jas \"{{i18n:AD.Sam.Events.Vanilla.14Heart.31}}\"/textAboveHead Vincent \"{{i18n:AD.Sam.Events.Vanilla.14Heart.32}}\"/pause 1500/jump Sam/pause 1000/emote Sam 20/pause 500/speak Sam \"{{i18n:AD.Sam.Events.Vanilla.14Heart.33}}\"/pause 50/faceDirection Vincent 1 true/faceDirection Jas 3 true/move Sam 0 2 2/move Sam -1 0 2/move Sam 0 1 1/faceDirection farmer 3/speak Sam \"{{i18n:AD.Sam.Events.Vanilla.14Heart.34}}\"/pause 100/emote farmer 20/pause 500/speak Sam \"{{i18n:AD.Sam.Events.Vanilla.14Heart.35}}\"/pause 500/faceDirection farmer 2/itemAboveHead samBoombox/pause 4200/awardFestivalPrize samBoombox/pause 1500/end dialogue Sam \"{{i18n:AD.Sam.Events.Vanilla.14Heart.36}}\""
            }
        }
    ]
}