{
    "Changes": [
        /* ----------------------------------------------------------------------------------------------------
         DEATH CONSEQUENCES - ON
         UNMARRIED
         ISLAND
        ---------------------------------------------------------------------------------------------------- */
        {
            "LogName": "Island Death - NM Lucky",
            "Action": "EditData",
            "Target": "Data/Events/IslandSouth",
            "Entries": {
                "PlayerKilled": "none/-100 -100/farmer 13 33 2 Willy -100 -100 0/pause 1500/showFrame 5/message \"{{i18n:AD.Island.Unmarried.Lucky.1}}\"/pause 200/speak Willy \"{{i18n:AD.Island.Unmarried.Lucky.2}}\"/pause 1000/message \"{{i18n:AD.Island.Unmarried.Lucky.3}}\"/pause 200/speak Willy \"{{i18n:AD.Island.Unmarried.Lucky.4}}\"/pause 1500/viewport 13 33 clamp true/pause 2000/showFrame 0/pause 500/emote farmer 28/pause 1000/minedeath/end"
            },
            "When": {
                "Death Consequences": "On, Off only when married to Harvey",
                "Query: {{DailyLuck}} > 0": true
            }            
        },
        {
            "LogName": "Island Death - NM Neutral",
            "Action": "EditData",
            "Target": "Data/Events/IslandSouth",
            "Entries": {
                "PlayerKilled": "none/-100 -100/farmer 13 33 2 Shadow -100 -100 0/pause 1500/showFrame 5/message \"{{i18n:AD.Island.Unmarried.Neutral.1}}\"/pause 200/speak Shadow \"{{i18n:AD.Island.Unmarried.Neutral.2}}\"/pause 1000/message \"{{i18n:AD.Island.Unmarried.Neutral.3}}\"/pause 1500/viewport 13 33 clamp true/pause 2000/showFrame 0/pause 500/emote farmer 8/pause 500/faceDirection farmer 1/pause 50/faceDirection farmer 0/pause 500/emote farmer 28/pause 1000/minedeath/end"
            },
            "When": {
                "Death Consequences": "On, Off only when married to Harvey",
                "Query: {{DailyLuck}} = 0": true
            }            
        },
        {
            "LogName": "Island Death - NM Unlucky",
            "Action": "EditData",
            "Target": "Data/Events/IslandSouth",
            "Entries": {
                "PlayerKilled": "none/-100 -100/farmer 13 33 2 Shadow -100 -100 0/pause 1500/showFrame 5/message \"{{i18n:AD.Island.Unmarried.Unlucky.1}}\"/pause 200/speak Shadow \"{{i18n:AD.Island.Unmarried.Unlucky.2}}\"/pause 1000/message \"{{i18n:AD.Island.Unmarried.Unlucky.3}}\"/pause 1500/viewport 13 33 clamp true/pause 2000/showFrame 0/pause 500/emote farmer 8/pause 500/faceDirection farmer 1/pause 50/faceDirection farmer 0/pause 500/emote farmer 28/pause 1000/minedeath/end"
            },
            "When": {
                "Death Consequences": "On, Off only when married to Harvey",
                "Query: {{DailyLuck}} < 0": true
            }            
        },
        /* ----------------------------------------------------------------------------------------------------
         DEATH CONSEQUENCES - OFF
         UNMARRIED
         ISLAND
        ---------------------------------------------------------------------------------------------------- */
        {
            "LogName": "Island Death - NMNC Lucky",
            "Action": "EditData",
            "Target": "Data/Events/IslandSouth",
            "Entries": {
                "PlayerKilled": "none/-100 -100/farmer 13 33 2 Willy -100 -100 0/pause 1500/showFrame 5/message \"{{i18n:AD.Island.Unmarried.Lucky.1}}\"/pause 200/speak Willy \"{{i18n:AD.Island.Unmarried.Lucky.2}}\"/pause 1000/message \"{{i18n:AD.Island.Unmarried.Lucky.3}}\"/pause 200/speak Willy \"{{i18n:AD.Island.Unmarried.Lucky.4}}\"/pause 1500/viewport 13 33 clamp true/pause 2000/showFrame 0/pause 500/emote farmer 28/pause 1000/end"
            },
            "When": {
                "Death Consequences": "Fully Off",
                "Query: {{DailyLuck}} > 0": true
            }            
        },
        {
            "LogName": "Island Death - NMNC Neutral",
            "Action": "EditData",
            "Target": "Data/Events/IslandSouth",
            "Entries": {
                "PlayerKilled": "none/-100 -100/farmer 13 33 2 Shadow -100 -100 0/pause 1500/showFrame 5/message \"{{i18n:AD.Island.Unmarried.Neutral.1}}\"/pause 200/speak Shadow \"{{i18n:AD.Island.Unmarried.Neutral.2}}\"/pause 1000/message \"{{i18n:AD.Island.Unmarried.Neutral.3}}\"/pause 1500/viewport 13 33 clamp true/pause 2000/showFrame 0/pause 500/emote farmer 8/pause 500/faceDirection farmer 1/pause 50/faceDirection farmer 0/pause 500/emote farmer 28/pause 1000/end"
            },
            "When": {
                "Death Consequences": "Fully Off",
                "Query: {{DailyLuck}} = 0": true
            }            
        },
        {
            "LogName": "Island Death - NMNC Unlucky",
            "Action": "EditData",
            "Target": "Data/Events/IslandSouth",
            "Entries": {
                "PlayerKilled": "none/-100 -100/farmer 13 33 2 Shadow -100 -100 0/pause 1500/showFrame 5/message \"{{i18n:AD.Island.Unmarried.Unlucky.1}}\"/pause 200/speak Shadow \"{{i18n:AD.Island.Unmarried.Unlucky.2}}\"/pause 1000/message \"{{i18n:AD.Island.Unmarried.Unlucky.3}}\"/pause 1500/viewport 13 33 clamp true/pause 2000/showFrame 0/pause 500/emote farmer 8/pause 500/faceDirection farmer 1/pause 50/faceDirection farmer 0/pause 500/emote farmer 28/pause 1000/end"
            },
            "When": {
                "Death Consequences": "Fully Off",
                "Query: {{DailyLuck}} < 0": true
            }            
        },
    ]
}