{
    "Changes": [
        /* ----------------------------------------------------------------------------------------------------
         DEATH CONSEQUENCES - ON
         UNMARRIED
         MINES
        ---------------------------------------------------------------------------------------------------- */
        {
            // DONE 1/27 4:19AM
            "LogName": "Mines Death - NM Luckiest",
            "Action": "EditData",
            "Target": "Data/Events/Mine",
            "Entries": {
                "PlayerKilled": "none/-100 -100/farmer 19 10 2 Shadow -100 -100 0/pause 1500/showFrame 5/message \"{{i18n:AD.Mines.Unmarried.Luckiest.1}}\"/pause 200/speak Shadow \"{{i18n:AD.Mines.Unmarried.Luckiest.2}}\"/pause 200/message \"{{i18n:AD.Mines.Unmarried.Luckiest.3}}\"/pause 200/speak Shadow \"{{i18n:AD.Mines.Unmarried.Luckiest.4}}\"/pause 200/message \"{{i18n:AD.Mines.Unmarried.Luckiest.5}}\"/pause 200/speak Shadow \"{{i18n:AD.Mines.Unmarried.Luckiest.6}}\"/pause 200/message \"{{i18n:AD.Mines.Unmarried.Luckiest.7}}\"/pause 1000/viewport 19 10 true/pause 2000/showFrame 0/pause 500/emote farmer 8/pause 500/faceDirection farmer 3/pause 100/faceDirection farmer 2/pause 100/faceDirection farmer 1/pause 100/faceDirection farmer 2/pause 200/emote farmer 28/pause 500/message \"{{i18n:AD.Mines.Unmarried.Luckiest.8}}\"/pause 1000/minedeath/end"
            },
            "When": {
                "Death Consequences": "On, Off only when married to Harvey",
                "RandomNumber": "1"
            }           
        },
        {
            // DONE 1/27 4:23AM
            "LogName": "Mines Death - NM Lucky",
            "Action": "EditData",
            "Target": "Data/Events/Mine",
            "Entries": {
                "PlayerKilled": "none/-100 -100/farmer 19 10 2 Shadow -100 -100 0/pause 1500/showFrame 5/message \"{{i18n:AD.Mines.Unmarried.Lucky.1}}\"/speak Shadow \"{{i18n:AD.Mines.Unmarried.Lucky.2}}\"/pause 200/message \"{{i18n:AD.Mines.Unmarried.Lucky.3}}\"/pause 200/speak Shadow \"{{i18n:AD.Mines.Unmarried.Lucky.4}}\"/pause 200/message \"{{i18n:AD.Mines.Unmarried.Lucky.5}}\"/pause 200/message \"{{i18n:AD.Mines.Unmarried.Lucky.7}}\"/pause 200/speak Shadow \"{{i18n:AD.Mines.Unmarried.Lucky.8}}\"/pause 200/message \"{{i18n:AD.Mines.Unmarried.Lucky.9}}\"/pause 1000/minedeath/end"
            },
            "When": {
                "Death Consequences": "On, Off only when married to Harvey",
                "RandomNumber": "2"
            }           
        },
        {
            // DONE 1/27 4:37AM
            "LogName": "Mines Death - NM Neutral",
            "Action": "EditData",
            "Target": "Data/Events/Mine",
            "Entries": {
                "PlayerKilled": "none/-100 -100/farmer 19 10 2 Shadow -100 -100 0/pause 1500/showFrame 5/message \"{{i18n:AD.Mines.Unmarried.Neutral.1}}\"/pause 200/speak Shadow \"{{i18n:AD.Mines.Unmarried.Neutral.2}}\"/pause 200/message \"{{i18n:AD.Mines.Unmarried.Neutral.3}}\"/pause 200/speak Shadow \"{{i18n:AD.Mines.Unmarried.Neutral.4}}\"/pause 200/message \"{{i18n:AD.Mines.Unmarried.Neutral.5}}\"/pause 1000/viewport 19 10 true/pause 2000/showFrame 0/pause 500/emote farmer 8/pause 500/faceDirection farmer 3/pause 100/faceDirection farmer 2/pause 100/faceDirection farmer 1/pause 100/faceDirection farmer 2/pause 200/emote farmer 28/pause 500/message \"{{i18n:AD.Mines.Unmarried.Neutral.6}}\"/pause 1000/minedeath/end"
            },
            "When": {
                "Death Consequences": "On, Off only when married to Harvey",
                "RandomNumber": "3"
            }           
        },
        {
            // Remember Convo Topic !! Status: Not Implemented Yet
            // DONE 1/27 4:40AM
            "LogName": "Mines Death - NM Unlucky",
            "Action": "EditData",
            "Target": "Data/Events/Mine",
            "Entries": {
                "PlayerKilled": "none/-100 -100/farmer 19 10 2 Shadow -100 -100 0/pause 1500/showFrame 5/speak Shadow \"{{i18n:AD.Mines.Unmarried.Unlucky.1}}\"/pause 200/message \"{{i18n:AD.Mines.Unmarried.Unlucky.2}}\"/pause 200/speak Shadow \"{{i18n:AD.Mines.Unmarried.Unlucky.3}}\"/pause 200/message \"{{i18n:AD.Mines.Unmarried.Unlucky.4}}\"/pause 200/message \"{{i18n:AD.Mines.Unmarried.Unlucky.5}}\"/pause 200/speak Shadow \"{{i18n:AD.Mines.Unmarried.Unlucky.6}}\"/pause 200/message \"{{i18n:AD.Mines.Unmarried.Unlucky.7}}\"/pause 200/speak Shadow \"{{i18n:AD.Mines.Unmarried.Unlucky.8}}\"/pause 1000/viewport 19 10 true/pause 2000/showFrame 0/pause 500/emote farmer 8/pause 500/faceDirection farmer 3/pause 100/faceDirection farmer 2/pause 100/faceDirection farmer 1/pause 100/faceDirection farmer 2/pause 200/emote farmer 28/pause 500/addConversationTopic ADHarveyGotYouInTheMines 1/minedeath/end"
            },
            "When": {
                "Death Consequences": "On, Off only when married to Harvey",
                "RandomNumber": "4"
            }           
        },
        {
            // Has to have the number 5 and it has to be an unlucky day--Otherwise will show #1 event instead -- Doesn't need a no death consequences version
            // DONE 1/27 4:46AM
            "LogName": "Mines Death - NM Unluckiest",
            "Action": "EditData",
            "Target": "Data/Events/Mine",
            "Entries": {
                "PlayerKilled": "none/-100 -100/farmer 19 10 2 Shadow -100 -100 0/pause 1500/showFrame 5/speak Shadow \"{{i18n:AD.Mines.Unmarried.Unluckiest.1}}\"/pause 200/message \"{{i18n:AD.Mines.Unmarried.Unluckiest.2}}\"/pause 200/speak Shadow \"{{i18n:AD.Mines.Unmarried.Unluckiest.3}}\"/pause 200/message \"{{i18n:AD.Mines.Unmarried.Unluckiest.4}}\"/pause 200/speak Shadow \"{{i18n:AD.Mines.Unmarried.Unluckiest.5}}\"/pause 500/end newDay"
            },
            "When": {
                "RandomNumber": "5",
                "Query: {{DailyLuck}} < 0": true
            }           
        },
        {
            // DONE 1/27 4:19AM
            "LogName": "Mines Death - NM Luckiest",
            "Action": "EditData",
            "Target": "Data/Events/Mine",
            "Entries": {
                "PlayerKilled": "none/-100 -100/farmer 19 10 2 Shadow -100 -100 0/pause 1500/showFrame 5/message \"{{i18n:AD.Mines.Unmarried.Luckiest.1}}\"/pause 200/speak Shadow \"{{i18n:AD.Mines.Unmarried.Luckiest.2}}\"/pause 200/message \"{{i18n:AD.Mines.Unmarried.Luckiest.3}}\"/pause 200/speak Shadow \"{{i18n:AD.Mines.Unmarried.Luckiest.4}}\"/pause 200/message \"{{i18n:AD.Mines.Unmarried.Luckiest.5}}\"/pause 200/speak Shadow \"{{i18n:AD.Mines.Unmarried.Luckiest.6}}\"/pause 200/message \"{{i18n:AD.Mines.Unmarried.Luckiest.7}}\"/pause 1000/viewport 19 10 true/pause 2000/showFrame 0/pause 500/emote farmer 8/pause 500/faceDirection farmer 3/pause 100/faceDirection farmer 2/pause 100/faceDirection farmer 1/pause 100/faceDirection farmer 2/pause 200/emote farmer 28/pause 500/message \"{{i18n:AD.Mines.Unmarried.Luckiest.8}}\"/pause 1000/minedeath/end"
            },
            "When": {
                "Death Consequences": "On, Off only when married to Harvey",
                "RandomNumber": "5",
                "Query: {{DailyLuck}} >= 0": true
            }           
        },
        /* ----------------------------------------------------------------------------------------------------
         DEATH CONSEQUENCES - OFF
         UNMARRIED
         MINES
        ---------------------------------------------------------------------------------------------------- */
        {
            "LogName": "Mines Death - NMNC Luckiest",
            "Action": "EditData",
            "Target": "Data/Events/Mine",
            "Entries": {
                "PlayerKilled": "none/-100 -100/farmer 19 10 2 Shadow -100 -100 0/pause 1500/showFrame 5/message \"{{i18n:AD.Mines.Unmarried.Luckiest.1}}\"/pause 200/speak Shadow \"{{i18n:AD.Mines.Unmarried.Luckiest.2}}\"/pause 200/message \"{{i18n:AD.Mines.Unmarried.Luckiest.3}}\"/pause 200/speak Shadow \"{{i18n:AD.Mines.Unmarried.Luckiest.4}}\"/pause 200/message \"{{i18n:AD.Mines.Unmarried.Luckiest.5}}\"/pause 200/speak Shadow \"{{i18n:AD.Mines.Unmarried.Luckiest.6}}\"/pause 200/message \"{{i18n:AD.Mines.Unmarried.Luckiest.7}}\"/pause 1000/viewport 19 10 true/pause 2000/showFrame 0/pause 500/emote farmer 8/pause 500/faceDirection farmer 3/pause 100/faceDirection farmer 2/pause 100/faceDirection farmer 1/pause 100/faceDirection farmer 2/pause 200/emote farmer 28/pause 500/message \"{{i18n:AD.Mines.Unmarried.Luckiest.8}}\"/pause 1000/end"
            },
            "When": {
                "Death Consequences": "Fully Off",
                "RandomNumber": "1"
            }           
        },
        {
            "LogName": "Mines Death - NMNC Lucky",
            "Action": "EditData",
            "Target": "Data/Events/Mine",
            "Entries": {
                "PlayerKilled": "none/-100 -100/farmer 19 10 2 Shadow -100 -100 0/pause 1500/showFrame 5/message \"{{i18n:AD.Mines.Unmarried.Lucky.1}}\"/speak Shadow \"{{i18n:AD.Mines.Unmarried.Lucky.2}}\"/pause 200/message \"{{i18n:AD.Mines.Unmarried.Lucky.3}}\"/pause 200/speak Shadow \"{{i18n:AD.Mines.Unmarried.Lucky.4}}\"/pause 200/message \"{{i18n:AD.Mines.Unmarried.Lucky.5}}\"/pause 200/message \"{{i18n:AD.Mines.Unmarried.Lucky.7}}\"/pause 200/speak Shadow \"{{i18n:AD.Mines.Unmarried.Lucky.8}}\"/pause 200/message \"{{i18n:AD.Mines.Unmarried.Lucky.9}}\"/pause 1000/end"
            },
            "When": {
                "Death Consequences": "Fully Off",
                "RandomNumber": "2"
            }           
        },
        {
            "LogName": "Mines Death - NMNC Neutral",
            "Action": "EditData",
            "Target": "Data/Events/Mine",
            "Entries": {
                "PlayerKilled": "none/-100 -100/farmer 19 10 2 Shadow -100 -100 0/pause 1500/showFrame 5/message \"{{i18n:AD.Mines.Unmarried.Neutral.1}}\"/pause 200/speak Shadow \"{{i18n:AD.Mines.Unmarried.Neutral.2}}\"/pause 200/message \"{{i18n:AD.Mines.Unmarried.Neutral.3}}\"/pause 200/speak Shadow \"{{i18n:AD.Mines.Unmarried.Neutral.4}}\"/pause 200/message \"{{i18n:AD.Mines.Unmarried.Neutral.5}}\"/pause 1000/viewport 19 10 true/pause 2000/showFrame 0/pause 500/emote farmer 8/pause 500/faceDirection farmer 3/pause 100/faceDirection farmer 2/pause 100/faceDirection farmer 1/pause 100/faceDirection farmer 2/pause 200/emote farmer 28/pause 500/message \"{{i18n:AD.Mines.Unmarried.Neutral.6}}\"/pause 1000/end"
            },
            "When": {
                "Death Consequences": "Fully Off",
                "RandomNumber": "3"
            }           
        },
        {
            "LogName": "Mines Death - NMNC Unlucky",
            "Action": "EditData",
            "Target": "Data/Events/Mine",
            "Entries": {
                "PlayerKilled": "none/-100 -100/farmer 19 10 2 Shadow -100 -100 0/pause 1500/showFrame 5/speak Shadow \"{{i18n:AD.Mines.Unmarried.Unlucky.1}}\"/pause 200/message \"{{i18n:AD.Mines.Unmarried.Unlucky.2}}\"/pause 200/speak Shadow \"{{i18n:AD.Mines.Unmarried.Unlucky.3}}\"/pause 200/message \"{{i18n:AD.Mines.Unmarried.Unlucky.4}}\"/pause 200/message \"{{i18n:AD.Mines.Unmarried.Unlucky.5}}\"/pause 200/speak Shadow \"{{i18n:AD.Mines.Unmarried.Unlucky.6}}\"/pause 200/message \"{{i18n:AD.Mines.Unmarried.Unlucky.7}}\"/pause 200/speak Shadow \"{{i18n:AD.Mines.Unmarried.Unlucky.8}}\"/pause 1000/viewport 19 10 true/pause 2000/showFrame 0/pause 500/emote farmer 8/pause 500/faceDirection farmer 3/pause 100/faceDirection farmer 2/pause 100/faceDirection farmer 1/pause 100/faceDirection farmer 2/pause 200/emote farmer 28/pause 500/addConversationTopic ADHarveyGotYouInTheMines 1/end"
            },
            "When": {
                "Death Consequences": "Fully Off",
                "RandomNumber": "4"
            }           
        },
        {
            "LogName": "Mines Death - NMNC Luckiest",
            "Action": "EditData",
            "Target": "Data/Events/Mine",
            "Entries": {
                "PlayerKilled": "none/-100 -100/farmer 19 10 2 Shadow -100 -100 0/pause 1500/showFrame 5/message \"{{i18n:AD.Mines.Unmarried.Luckiest.1}}\"/pause 200/speak Shadow \"{{i18n:AD.Mines.Unmarried.Luckiest.2}}\"/pause 200/message \"{{i18n:AD.Mines.Unmarried.Luckiest.3}}\"/pause 200/speak Shadow \"{{i18n:AD.Mines.Unmarried.Luckiest.4}}\"/pause 200/message \"{{i18n:AD.Mines.Unmarried.Luckiest.5}}\"/pause 200/speak Shadow \"{{i18n:AD.Mines.Unmarried.Luckiest.6}}\"/pause 200/message \"{{i18n:AD.Mines.Unmarried.Luckiest.7}}\"/pause 1000/viewport 19 10 true/pause 2000/showFrame 0/pause 500/emote farmer 8/pause 500/faceDirection farmer 3/pause 100/faceDirection farmer 2/pause 100/faceDirection farmer 1/pause 100/faceDirection farmer 2/pause 200/emote farmer 28/pause 500/message \"{{i18n:AD.Mines.Unmarried.Luckiest.8}}\"/pause 1000/end"
            },
            "When": {
                "Death Consequences": "Fully Off",
                "RandomNumber": "5",
                "Query: {{DailyLuck}} >= 0": true
            }           
        }
    ]
}