{
    "Changes": [
        // Letters Elliott sends when u perish
        {
            "LogName": "Elliott Death Letters",
            "Action": "EditData",
            "Target": "Data/Mail", 
            "Entries": {
                "elliottADHospital": "{{i18n:AD.Death.ElliottMail.Hospital.1}}^^{{i18n:AD.Death.ElliottMail.Hospital.2}}^{{i18n:AD.Death.ElliottMail.Hospital.3}}^^{{i18n:AD.Death.ElliottMail.Hospital.4}}^^{{i18n:AD.Death.ElliottMail.Hospital.5}}^{{i18n:AD.Death.ElliottMail.Hospital.6}}^^{{i18n:AD.Death.ElliottMail.Hospital.7}}^^^{{i18n:AD.Death.ElliottMail.Hospital.8}}^{{i18n:AD.Death.ElliottMail.Hospital.8}}[#]{{i18n:AD.Death.ElliottMail.Hospital.9}}",
                "elliottADMines": "{{i18n:AD.Death.ElliottMail.Mines.1}}^^{{i18n:AD.Death.ElliottMail.Mines.2}}^{{i18n:AD.Death.ElliottMail.Mines.3}}^^{{i18n:AD.Death.ElliottMail.Mines.4}}^^{{i18n:AD.Death.ElliottMail.Mines.5}}^^^{{i18n:AD.Death.ElliottMail.Mines.6}}^{{i18n:AD.Death.ElliottMail.Mines.7}}[#]{{i18n:AD.Death.ElliottMail.Mines.8}}"
            }
        }
    ]
}