{
    "Changes": [
        {
            "Action": "EditData",
            "Target": "Data/TriggerActions",
            "Entries": {
                "{{ModId}}_MailAfterBathhouse": {
                    "Id": "{{ModId}}_MailAfterBathhouse",
                    "Trigger": "DayStarted",
                    "Condition": "PLAYER_FRIENDSHIP_POINTS Current Sam 750 999, PLAYER_HAS_SEEN_EVENT Current SamADBathhouse",
                    "Action": "AddMail Current ADSamShadowMailAfterBathhouse tomorrow"
                }
            }
        },
        {
            "Action": "EditData",
            "Target": "Data/TriggerActions",
            "Entries": {
                "{{ModId}}_MailWeeksAfterBathhouse": {
                    "Id": "{{ModId}}_MailWeeksAfterBathhouse",
                    "Trigger": "DayStarted",
                    "Condition": "PLAYER_FRIENDSHIP_POINTS Current Sam 1000 1250, PLAYER_HAS_SEEN_EVENT Current SamADBathhouse",
                    "Action": "AddMail Current ADSamShadowMailWeeksAfterBathhouse tomorrow"
                }
            }
        },
        {
            "Action": "EditData",
            "Target": "Data/TriggerActions",
            "Entries": {
                "{{ModId}}_MailAfterChapel": {
                    "Id": "{{ModId}}_MailAfterChapel",
                    "Trigger": "DayStarted",
                    "Condition": "PLAYER_HAS_SEEN_EVENT Current SamADChapel",
                    "Action": "AddMail Current ADSamShadowMailAfterChapel tomorrow"
                }
            }
        },
        {
            "Action": "EditData",
            "Target": "Data/TriggerActions",
            "Entries": {
                "{{ModId}}_PlayerBoughtBouquetEarlyMail": {
                    "Id": "{{ModId}}_PlayerBoughtBouquetEarlyMail",
                    "Trigger": "DayStarted",
                    "Condition": "PLAYER_HAS_ITEM Current 458, PLAYER_FRIENDSHIP_POINTS Current Sam 0 1999",
                    "Actions": [
                        "AddMail Current ADSamBoughtBouquetMail now",
                        "RemoveItem 458 1"
                    ]
                }
            }
        },
        {
            "Action": "EditData",
            "Target": "Data/TriggerActions",
            "Entries": {
                "{{ModId}}_MailGeneric1": {
                    "Id": "{{ModId}}_MailGeneric1",
                    "Trigger": "DayStarted",
                    "Condition": "PLAYER_FRIENDSHIP_POINTS Current Sam 800, PLAYER_HAS_MAIL Current ADSamShadowMailAfterBathhouse Received, RANDOM 0.25",
                    "Action": "AddMail Current ADSamGenericMail1 tomorrow"
                }
            }
        },
        {
            "Action": "EditData",
            "Target": "Data/TriggerActions",
            "Entries": {
                "{{ModId}}_MailGeneric2": {
                    "Id": "{{ModId}}_MailGeneric2",
                    "Trigger": "DayStarted",
                    "Condition": "PLAYER_FRIENDSHIP_POINTS Current Sam 1500, PLAYER_HAS_MAIL Current ADSamGenericMail1 Received, RANDOM 0.25",
                    "Action": "AddMail Current ADSamGenericMail2 tomorrow"
                }
            }
        },
        {
            "Action": "EditData",
            "Target": "Data/TriggerActions",
            "Entries": {
                "{{ModId}}_MailGeneric3": {
                    "Id": "{{ModId}}_MailGeneric3",
                    "Trigger": "DayStarted",
                    "Condition": "PLAYER_FRIENDSHIP_POINTS Current Sam 2000, PLAYER_HAS_MAIL Current ADSamGenericMail2 Received, RANDOM 0.25",
                    "Action": "AddMail Current ADSamGenericMail3 tomorrow"
                }
            }
        }
    ]
}