{
    "Changes": [
        {
            "Action": "Load",
            "Target": "Characters/schedules/Shadow",
            "When": { "Figure Acts as an NPC": "true" },
            "FromFile": "Data/blank.json"
        },
        {
            "LogName": "Shadow Schedule",
            "Action": "EditData",
            "Target": "Characters/schedules/Shadow",
            "When": {
                "Figure Acts as an NPC": "true",
                "Relationships affect Stalking": "false",
                "HasMod": "kabulla.bakery"
            },
            "Entries": {
                // dOn'T rEmoVe oR iT bReAkS ThE GaME
                "spring": "0 Custom_Shadow_Layer 5 3 1",
                // right side in case people are assholes (bakery users)
                "spring_2": "2200 Town 32 55 2 {{ModId}}_LeftSmugBastard/2500 Town 42 66 3/2530 Custom_Shadow_Layer 3 3 0",
                // sitting on bridge
                "spring_5": "2000 Town 73 53 2 {{ModId}}_KickingFeetWaiting/2500 Town 42 66 3/2530 Custom_Shadow_Layer 3 3 0",
                "spring_8": "GOTO spring_2",
                // smoking against bridge
                "spring_14": "2100 Town 55 104 1 {{ModId}}_Smoking/2500 Town 42 66 3/2530 Custom_Shadow_Layer 3 3 0",
                // smoking in mountain
                "spring_18": "2100 Mountain 49 31 1 {{ModId}}_Smoking/2500 Mountain 16 6 3/2530 Custom_Shadow_Layer 3 3 0",
                "spring_25": "GOTO spring_14",

                "summer_3": "GOTO spring_14",
                "summer_8": "GOTO spring_5",
                "summer_12": "GOTO spring_18",
                "summer_16": "GOTO spring_2",
                "summer_25": "GOTO spring_5",

                "fall_1": "GOTO spring_18",
                "fall_7": "GOTO spring_2",
                "fall_12": "GOTO spring_14",
                "fall_19": "GOTO spring_2",
                "fall_23": "GOTO spring_5",
                "fall_28": "GOTO spring_18",

                "winter_4": "GOTO spring_5",
                "winter_9": "GOTO spring_14",
                "winter_11": "GOTO spring_18",
                "winter_19": "GOTO spring_2",
                "winter_23": "GOTO spring_5"
            }
        },
        {
            "LogName": "Shadow Schedule",
            "Action": "EditData",
            "Target": "Characters/schedules/Shadow",
            "When": {
                "Figure Acts as an NPC": "true",
                "Relationships affect Stalking": "false"
            },
            "Entries": {
                // dOn'T rEmoVe oR iT bReAkS ThE GaME
                "spring": "0 Custom_Shadow_Layer 5 3 1",
                // town left side of pierre's
                "spring_2": "2200 Town 32 55 2 {{ModId}}_RightSmugBastard/2500 Town 43 65 3/2530 Custom_Shadow_Layer 3 3 0",
                // sitting on bridge
                "spring_5": "2000 Town 73 53 2 {{ModId}}_KickingFeetWaiting/2500 Town 43 65 3/2530 Custom_Shadow_Layer 3 3 0",
                "spring_8": "GOTO spring_2",
                // smoking against bridge
                "spring_14": "2100 Town 55 104 1 {{ModId}}_Smoking/2500 Town 43 65 3/2530 Custom_Shadow_Layer 3 3 0",
                // smoking in mountain
                "spring_18": "2100 Mountain 49 31 1 {{ModId}}_Smoking/2500 Mountain 16 6 3/2530 Custom_Shadow_Layer 3 3 0",
                "spring_25": "GOTO spring_14",

                "summer_3": "GOTO spring_14",
                "summer_8": "GOTO spring_5",
                "summer_12": "GOTO spring_18",
                "summer_16": "GOTO spring_2",
                "summer_25": "GOTO spring_5",

                "fall_1": "GOTO spring_18",
                "fall_7": "GOTO spring_2",
                "fall_12": "GOTO spring_14",
                "fall_19": "GOTO spring_2",
                "fall_23": "GOTO spring_5",
                "fall_28": "GOTO spring_18",

                "winter_4": "GOTO spring_5",
                "winter_9": "GOTO spring_14",
                "winter_11": "GOTO spring_18",
                "winter_19": "GOTO spring_2",
                "winter_23": "GOTO spring_5"
            }
        },
        // fuck ass bakery just HAS to be in the one spot that's scrumptious for him to stand... :middlefinger: 
        {
            "LogName": "Shadow Schedule",
            "Action": "EditData",
            "Target": "Characters/schedules/Shadow",
            "When": {
                "Figure Acts as an NPC": "true",
                "Relationships affect Stalking": "true",
                "HasMod": "kabulla.bakery"
            },
            "Entries": {
                // dOn'T rEmoVe oR iT bReAkS ThE GaME
                "spring": "0 Custom_Shadow_Layer 5 3 1",
                // right side in case people are assholes (bakery users)
                "spring_2": "2200 Town 32 55 2 {{ModId}}_LeftSmugBastard/2500 Town 42 66 3/2530 Custom_Shadow_Layer 3 3 0",
                // sitting on bridge
                "spring_5": "2000 Town 73 53 2 {{ModId}}_KickingFeetWaiting/2500 Town 42 66 3/2530 Custom_Shadow_Layer 3 3 0",
                "spring_8": "GOTO spring_2",
                // smoking against bridge
                "spring_14": "2100 Town 55 104 1 {{ModId}}_Smoking/2500 Town 42 66 3/2530 Custom_Shadow_Layer 3 3 0",
                // smoking in mountain
                "spring_18": "2100 Mountain 49 31 1 {{ModId}}_Smoking/2500 Mountain 16 6 3/2530 Custom_Shadow_Layer 3 3 0",
                "spring_25": "GOTO spring_14",

                "summer_3": "GOTO spring_14",
                "summer_8": "GOTO spring_5",
                "summer_12": "GOTO spring_18",
                "summer_16": "GOTO spring_2",
                "summer_25": "GOTO spring_5",

                "fall_1": "GOTO spring_18",
                "fall_7": "GOTO spring_2",
                "fall_12": "GOTO spring_14",
                "fall_19": "GOTO spring_2",
                "fall_23": "GOTO spring_5",
                "fall_28": "GOTO spring_18",

                "winter_4": "GOTO spring_5",
                "winter_9": "GOTO spring_14",
                "winter_11": "GOTO spring_18",
                "winter_19": "GOTO spring_2",
                "winter_23": "GOTO spring_5"
            }
        },
        {
            "LogName": "Shadow Schedule",
            "Action": "EditData",
            "Target": "Characters/schedules/Shadow",
            "When": {
                "Figure Acts as an NPC": "true",
                "Relationships affect Stalking": "true"
            },
            "Entries": {
                // dOn'T rEmoVe oR iT bReAkS ThE GaME
                "spring": "0 Custom_Shadow_Layer 5 3 1",
                // town left side of pierre's
                "spring_2": "2200 Town 32 55 2 {{ModId}}_RightSmugBastard/2500 Town 43 65 3/2530 Custom_Shadow_Layer 3 3 0",
                // sitting on bridge
                "spring_5": "2000 Town 73 53 2 {{ModId}}_KickingFeetWaiting/2500 Town 43 65 3/2530 Custom_Shadow_Layer 3 3 0",
                "spring_8": "GOTO spring_2",
                // smoking against bridge
                "spring_14": "2100 Town 55 104 1 {{ModId}}_Smoking/2500 Town 43 65 3/2530 Custom_Shadow_Layer 3 3 0",
                // smoking in mountain
                "spring_18": "2100 Mountain 49 31 1 {{ModId}}_Smoking/2500 Mountain 16 6 3/2530 Custom_Shadow_Layer 3 3 0",
                "spring_25": "GOTO spring_14",

                "summer_3": "GOTO spring_14",
                "summer_8": "GOTO spring_5",
                "summer_12": "GOTO spring_18",
                "summer_16": "GOTO spring_2",
                "summer_25": "GOTO spring_5",

                "fall_1": "GOTO spring_18",
                "fall_7": "GOTO spring_2",
                "fall_12": "GOTO spring_14",
                "fall_19": "GOTO spring_2",
                "fall_23": "GOTO spring_5",
                "fall_28": "GOTO spring_18",

                "winter_4": "GOTO spring_5",
                "winter_9": "GOTO spring_14",
                "winter_11": "GOTO spring_18",
                "winter_19": "GOTO spring_2",
                "winter_23": "GOTO spring_5"
            }
        },
        // alex keeps the figure from stalking -- protector frfr
        {
            "LogName": "Shadow Fake Schedule",
            "Action": "EditData",
            "Target": "Characters/schedules/Shadow",
            "When": {
                "Figure Acts as an NPC": "true",
                "Hearts:Alex": "7, 8, 9, 10, 11, 12, 13, 14",
                "Relationships affect Stalking": "true"
            },
            "Entries": {
                // dOn'T rEmoVe oR iT bReAkS ThE GaME
                "spring": "0 Custom_Shadow_Layer 5 3 1",
                "spring_2": "GOTO spring",
                "spring_5": "GOTO spring",
                "spring_8": "GOTO spring",
                "spring_14": "GOTO spring",
                "spring_18": "GOTO spring",
                "spring_25": "GOTO spring",

                "summer_3": "GOTO spring",
                "summer_8": "GOTO spring",
                "summer_12": "GOTO spring",
                "summer_16": "GOTO spring",
                "summer_25": "GOTO spring",

                "fall_1": "GOTO spring",
                "fall_7": "GOTO spring",
                "fall_12": "GOTO spring",
                "fall_19": "GOTO spring",
                "fall_23": "GOTO spring",
                "fall_28": "GOTO spring",

                "winter_4": "GOTO spring",
                "winter_9": "GOTO spring",
                "winter_11": "GOTO spring",
                "winter_19": "GOTO spring",
                "winter_23": "GOTO spring"
            }
        },
        // sam stops stalking when you're married/find out who he is 
        {
            "LogName": "Shadow Fake Schedule",
            "Action": "EditData",
            "Target": "Characters/schedules/Shadow",
            "When": {
                "Figure Acts as an NPC": "true",
                "Hearts:Sam": "10, 11, 12, 13, 14",
                "Relationships affect Stalking": "true"
            },
            "Entries": {
                // dOn'T rEmoVe oR iT bReAkS ThE GaME
                "spring": "0 Custom_Shadow_Layer 5 3 1",
                "spring_2": "GOTO spring",
                "spring_5": "GOTO spring",
                "spring_8": "GOTO spring",
                "spring_14": "GOTO spring",
                "spring_18": "GOTO spring",
                "spring_25": "GOTO spring",

                "summer_3": "GOTO spring",
                "summer_8": "GOTO spring",
                "summer_12": "GOTO spring",
                "summer_16": "GOTO spring",
                "summer_25": "GOTO spring",

                "fall_1": "GOTO spring",
                "fall_7": "GOTO spring",
                "fall_12": "GOTO spring",
                "fall_19": "GOTO spring",
                "fall_23": "GOTO spring",
                "fall_28": "GOTO spring",

                "winter_4": "GOTO spring",
                "winter_9": "GOTO spring",
                "winter_11": "GOTO spring",
                "winter_19": "GOTO spring",
                "winter_23": "GOTO spring"
            }
        },
        // seb stops stalking when you're married//after confront maybe
        {
            "LogName": "Shadow Fake Schedule",
            "Action": "EditData",
            "Target": "Characters/schedules/Shadow",
            "When": {
                "Figure Acts as an NPC": "true",
                "Hearts:Sebastian": "9, 10, 11, 12, 13, 14",
                "Relationships affect Stalking": "true"
            },
            "Entries": {
                // dOn'T rEmoVe oR iT bReAkS ThE GaME
                "spring": "0 Custom_Shadow_Layer 5 3 1",
                "spring_2": "GOTO spring",
                "spring_5": "GOTO spring",
                "spring_8": "GOTO spring",
                "spring_14": "GOTO spring",
                "spring_18": "GOTO spring",
                "spring_25": "GOTO spring",

                "summer_3": "GOTO spring",
                "summer_8": "GOTO spring",
                "summer_12": "GOTO spring",
                "summer_16": "GOTO spring",
                "summer_25": "GOTO spring",

                "fall_1": "GOTO spring",
                "fall_7": "GOTO spring",
                "fall_12": "GOTO spring",
                "fall_19": "GOTO spring",
                "fall_23": "GOTO spring",
                "fall_28": "GOTO spring",

                "winter_4": "GOTO spring",
                "winter_9": "GOTO spring",
                "winter_11": "GOTO spring",
                "winter_19": "GOTO spring",
                "winter_23": "GOTO spring"
            }
        }
        // TODO update with other bachelors
    ]
}