{
    "Changes": [
        // ----------------------------------------------------------------------------------------------------
        // DEATH CONSEQUENCES - ON
        // MARRIED BUT NOT TO HARVEY
        // HOSPITAL
        // ----------------------------------------------------------------------------------------------------
        {
            // DONE 1/27 5:35AM
            "LogName": "Hospital Death - M Luckiest",
            "Action": "EditData",
            "Target": "Data/Events/Hospital",
            "Entries": {
                "PlayerKilled": "Hospital_Ambient/-100 -100/farmer 20 12 2 Shadow -200 -200 0 Harvey -200 -200 0/pause 1500/showFrame 5/message \"{{i18n:AD.Hospital.Married.Luckiest.1}}\"/pause 200/message \"{{i18n:AD.Hospital.Married.Luckiest.2}}\"/pause 500/speak Shadow \"{{i18n:AD.Hospital.Married.Luckiest.3}}\"/pause 200/message \"{{i18n:AD.Hospital.Married.Luckiest.4}}\"/pause 200/speak Shadow \"{{i18n:AD.Hospital.Married.Luckiest.5}}\"/pause 200/message \"{{i18n:AD.Hospital.Married.Luckiest.6}}\"/pause 200/speak Shadow \"{{i18n:AD.Hospital.Married.Luckiest.7}}\"/pause 200/speak Shadow \"{{i18n:AD.Hospital.Married.Luckiest.8}}\"/pause 200/speak Shadow \"{{i18n:AD.Hospital.Married.Luckiest.9}}\"/pause 200/message \"{{i18n:AD.Hospital.Married.Luckiest.10}}\"/pause 200/message \"{{i18n:AD.Hospital.Married.Luckiest.11}}\"/pause 200/speak Harvey \"{{i18n:AD.Hospital.Married.Luckiest.12}}\"/pause 200/message \"{{i18n:AD.Hospital.Married.Luckiest.13}}\"/pause 1000/hospitaldeath/end"
            },
            "When": {
                "Death Consequences": "On, Off only when married to Harvey",
                "Spouse": "{{Spouse}}, default",
                "Query: '{{Spouse}}' = 'Harvey'": false,
                "RandomNumber": "1"
            }
        },
        {
            // DONE 1/27 5:40AM
            "LogName": "Hospital Death - M Lucky",
            "Action": "EditData",
            "Target": "Data/Events/Hospital",
            "Entries": {
                "PlayerKilled": "Hospital_Ambient/-100 -100/farmer 20 12 2 Shadow -200 -200 0/pause 1500/showFrame 5/speak Shadow \"{{i18n:AD.Hospital.Married.Lucky.1}}\"/pause 200/message \"{{i18n:AD.Hospital.Married.Lucky.2}}\"/pause 500/speak Shadow \"{{i18n:AD.Hospital.Married.Lucky.3}}\"/pause 200/message \"{{i18n:AD.Hospital.Married.Lucky.4}}\"/pause 200/speak Shadow \"{{i18n:AD.Hospital.Married.Lucky.5}}\"/pause 1000/hospitaldeath/end"
            },
            "When": {
                "Death Consequences": "On, Off only when married to Harvey",
                "Spouse": "{{Spouse}}, default",
                "Query: '{{Spouse}}' = 'Harvey'": false,
                "RandomNumber": "2"
            }
        },
        {
            // DONE 1/27 5:48AM
            "LogName": "Hospital Death - M Neutral Alex/Shane",
            "Action": "EditData",
            "Target": "Data/Events/Hospital",
            "Entries": {
                "PlayerKilled": "Hospital_Ambient/-100 -100/farmer 19 12 2 Harvey 21 13 0 {{Spouse}} 21 12 2/positionOffset farmer -30 25/pause 1500/speak Harvey \"{{i18n:AD.Hospital.Married.AS.Neutral.1{{GeneralPlayerPronoun}}}}\"/pause 200/speak {{Spouse}} \"{{i18n:AD.Hospital.Married.AS.Neutral.2{{GeneralPlayerPronoun}}}}\"/pause 200/speak Harvey \"{{i18n:AD.Hospital.Married.AS.Neutral.3}}\"/pause 200/speak {{Spouse}} \"{{i18n:AD.Hospital.Married.AS.Neutral.{{SpouseName}}{{GeneralPlayerPronoun}}}}\"/pause 200/speak Harvey \"{{i18n:AD.Hospital.Married.AS.Neutral.4}}\"/showFrame 5/pause 500/viewport 20 12 true/pause 1000/showFrame 0/pause 200/emote farmer 8/pause 200/emote {{Spouse}} 16 true/emote Harvey 16/pause 500/faceDirection {{Spouse}} 3/faceDirection Harvey 3/pause 800/textAboveHead {{Spouse}} \"{{i18n:AD.Hospital.Married.AS.Neutral.5}}\"/textAboveHead Harvey \"{{i18n:AD.Hospital.Married.AS.Neutral.5}}\"/pause 2500/faceDirection Harvey 0 true/faceDirection {{Spouse}} 2/pause 500/emote Harvey 12 true/emote {{Spouse}} 12/pause 500/speak Harvey \"{{i18n:AD.Hospital.Married.AS.Neutral.7}}\"/pause 1000/hospitalDeath/end"
            },
            "When": {
                "Death Consequences": "On, Off only when married to Harvey",
                "Spouse": "Alex, Shane",
                "RandomNumber": "3"
            }
        },
        {
            // DONE 1/27 5:48AM
            "LogName": "Hospital Death - M Neutral Sam/Sebastian/Elliott/Default",
            "Action": "EditData",
            "Target": "Data/Events/Hospital",
            "Entries": {
                "PlayerKilled": "Hospital_Ambient/-100 -100/farmer 19 12 2 Harvey 21 13 0 {{Spouse}} 21 12 2/positionOffset farmer -30 25/pause 1500/speak Harvey \"{{i18n:AD.Hospital.Married.SSED.Neutral.1{{GeneralPlayerPronoun}}}}\"/pause 50/speak {{Spouse}} \"{{i18n:AD.Hospital.Married.SSED.Neutral.2}}\"/pause 50/speak Harvey \"{{i18n:AD.Hospital.Married.SSED.Neutral.3}}\"/pause 50/speak {{Spouse}} \"{{i18n:AD.Hospital.Married.SSED.Neutral.{{SpouseName}}{{GeneralPlayerPronoun}}}}\"/pause 50/speak Harvey \"{{i18n:AD.Hospital.Married.SSED.Neutral.5}}\"/showFrame 5/pause 500/viewport 20 12 true/pause 1000/emote {{Spouse}} 12 true/emote Harvey 12/pause 500/showFrame 0/pause 200/emote farmer 8/pause 200/emote {{Spouse}} 16 true/emote Harvey 16/pause 500/faceDirection {{Spouse}} 3 true/faceDirection Harvey 3/pause 200/textAboveHead {{Spouse}} \"{{i18n:AD.Hospital.Married.SSED.Neutral.6}}\"/textAboveHead Harvey \"{{i18n:AD.Hospital.Married.SSED.Neutral.6}}\"/pause 2500/faceDirection Harvey 0/pause 200/emote Harvey 12/pause 350/speak Harvey \"{{i18n:AD.Hospital.Married.SSED.Neutral.7}}\"/pause 1000/hospitalDeath/end"
            },
            "When": {
                "Death Consequences": "On, Off only when married to Harvey",
                "Spouse": "Sam, Sebastian, Elliott, default",
                "RandomNumber": "3"
            }
        },
        {
            // DONE 1/27 5:49AM
            "LogName": "Hospital Death - M Neutral Harvey",
            "Action": "EditData",
            "Target": "Data/Events/Hospital",
            "Entries": {
                "PlayerKilled": "Hospital_Ambient/-100 -100/farmer 19 12 2 Harvey 21 12 3/positionOffset farmer -30 25/pause 1500/message \"{{i18n:AD.Hospital.Married.Harvey.Neutral.1}}\"/pause 500/message \"{{i18n:AD.Hospital.Married.Harvey.Neutral.2}}\"/pause 200/speak Harvey \"{{i18n:AD.Hospital.Married.Harvey.Neutral.3}}\"/pause 200/message \"{{i18n:AD.Hospital.Married.Harvey.Neutral.4}}\"/pause 200/speak Harvey \"{{i18n:AD.Hospital.Married.Harvey.Neutral.5}}\"/pause 200/message \"{{i18n:AD.Hospital.Married.Harvey.Neutral.6}}\"/showFrame 5/pause 500/viewport 20 12 true/pause 1000/showFrame 0/pause 200/emote farmer 8/pause 350/speak Harvey \"{{i18n:AD.Hospital.Married.Harvey.Neutral.7}}\"/pause 200/emote farmer 60/pause 1000/hospitalDeath/end"
            },
            "When": {
                "Death Consequences": "On",
                "Spouse": "Harvey",
                "RandomNumber": "3"
            }
        },
        {
            // DONE 1/27 5:49AM
            "LogName": "Hospital Death - M Unlucky",
            "Action": "EditData",
            "Target": "Data/Events/Hospital",
            "Entries": {
                "PlayerKilled": "Hospital_Ambient/-100 -100/farmer 20 12 2 {{Spouse}} -200 -200 0/pause 1500/showFrame 5/message \"{{i18n:AD.Hospital.Married.Unlucky.1}}\"/pause 500/speak {{Spouse}} \"{{i18n:AD.Hospital.Married.Unlucky.2}}\"/pause 200/message \"{{i18n:AD.Hospital.Married.Unlucky.3}}\"/pause 200/speak {{Spouse}} \"{{i18n:AD.Hospital.Married.Unlucky.4}}\"/pause 200/message \"{{i18n:AD.Hospital.Married.Unlucky.5}}\"/pause 1000/hospitaldeath/end"
            },
            "When": {
                "Death Consequences": "On, Off only when married to Harvey",
                "Spouse": "{{Spouse}}, default",
                "Query: '{{Spouse}}' = 'Harvey'": false,
                "RandomNumber": "4"
            }
        },
        {
            "LogName": "Hospital Death - M Unluckiest",
            "Action": "EditData",
            "Target": "Data/Events/Hospital",
            "Entries": {
                "PlayerKilled": "Hospital_Ambient/-100 -100/farmer 19 12 2 {{Spouse}} {{Spouse}} 21 12 2/positionOffset farmer -30 25/pause 1500/showFrame 5/message \"{{i18n:AD.Hospital.Married.Unluckiest.1}}\"/pause 500/viewport 20 12 true/pause 500/emote {{Spouse}} 12/pause 500/speak {{Spouse}} \"{{i18n:AD.Hospital.Married.Unluckiest.2}}\"/pause 200/message \"{{i18n:AD.Hospital.Married.Unluckiest.3}}\"/pause 1000/addConversationTopic ADSpouseIsTiredOfYou 1/hospitaldeath/end"
            },
            "When": {
                "Death Consequences": "On, Off only when married to Harvey",
                "Spouse": "{{Spouse}}, default",
                "Query: '{{Spouse}}' = 'Harvey'": false,
                "RandomNumber": "5"
            }
        },
        {
            // DONE 1/27 6:00AM
            "LogName": "Hospital Death - M Lucky ElliottGone",
            "Action": "EditData",
            "Target": "Data/Events/Hospital",
            "Entries": {
                "PlayerKilled": "Hospital_Ambient/-100 -100/farmer 20 12 2 Shadow -1000 -1000 0/pause 1500/showFrame 5/speak Shadow \"{{i18n:AD.Hospital.Married.ElliottGone.Lucky.1}}\"/pause 200/message \"{{i18n:AD.Hospital.Married.ElliottGone.Lucky.2}}\"/pause 500/speak Shadow \"{{i18n:AD.Hospital.Married.ElliottGone.Lucky.3}}\"/pause 500/message \"{{i18n:AD.Hospital.Married.ElliottGone.Lucky.4}}\"/pause 1000/speak Shadow \"{{i18n:AD.Hospital.Married.ElliottGone.Lucky.5}}\"/pause 1000/message \"{{i18n:AD.Hospital.Married.ElliottGone.Lucky.6}}\"/pause 1000/speak Shadow \"{{i18n:AD.Hospital.Married.ElliottGone.Lucky.7}}\"/pause 400/playSound stoneStep/pause 400/playSound stoneStep/pause 400/playSound stoneStep/pause 400/playSound stoneStep/pause 400/playSound stoneStep/pause 800/viewport 20 12 true/pause 1000/showFrame 0/pause 1000/emote farmer 40/mail elliottADHospital/hospitaldeath/end"
            },
            "When": {
                "Death Consequences": "On, Off only when married to Harvey",
                "Query: '{{Spouse}}' = 'Harvey'": false,
                "HasConversationtopic": "elliottGone",
                "Query: {{DailyLuck}} >= 0": true
            }
        },
        {
            // DONE 1/27 6:00AM
            "LogName": "Hospital Death - M Unlucky ElliottGone",
            "Action": "EditData",
            "Target": "Data/Events/Hospital",
            "Entries": {
                "PlayerKilled": "Hospital_Ambient/-100 -100/farmer 20 12 2 Shadow -1000 -1000 0/pause 1500/showFrame 5/speak Shadow \"{{i18n:AD.Hospital.Married.ElliottGone.Unlucky.1}}\"/pause 500/speak Shadow \"{{i18n:AD.Hospital.Married.ElliottGone.Unlucky.2}}\"/pause 200/message \"{{i18n:AD.Hospital.Married.ElliottGone.Unlucky.3}}\"/pause 500/speak Shadow \"{{i18n:AD.Hospital.Married.ElliottGone.Unlucky.4}}\"/pause 500/message \"{{i18n:AD.Hospital.Married.ElliottGone.Unlucky.5}}\"/pause 1000/speak Shadow \"{{i18n:AD.Hospital.Married.ElliottGone.Unlucky.6}}\"/pause 1000/message \"{{i18n:AD.Hospital.Married.ElliottGone.Unlucky.7}}\"/pause 200/message \"AD.Hospital.Married.ElliottGone.Unlucky.8\"/pause 200/speak Shadow \"{{i18n:AD.Hospital.Married.ElliottGone.Unlucky.9}}\"/pause 200/speak Shadow \"AD.Hospital.Married.ElliottGone.Unlucky.10\"/pause 400/playSound stoneStep/pause 400/playSound stoneStep/pause 400/playSound stoneStep/pause 400/playSound stoneStep/pause 400/playSound stoneStep/pause 800/viewport 20 12 true/pause 1000/showFrame 0/pause 1000/emote farmer 40/mail elliottADHospital/hospitaldeath/end"
            },
            "When": {
                "Death Consequences": "On, Off only when married to Harvey",
                "Query: '{{Spouse}}' = 'Harvey'": false,
                "HasConversationtopic": "elliottGone",
                "Query: {{DailyLuck}} < 0": true
            }
        },
        // ----------------------------------------------------------------------------------------------------
        // DEATH CONSEQUENCES - ON
        // MARRIED TO HARVEY
        // HOSPITAL
        // ----------------------------------------------------------------------------------------------------
        {
            // DONE 1/27 5:35AM
            "LogName": "Hospital Death - M Luckiest",
            "Action": "EditData",
            "Target": "Data/Events/Hospital",
            "Entries": {
                "PlayerKilled": "Hospital_Ambient/-100 -100/farmer 20 12 2 Shadow -200 -200 0 Harvey -200 -200 0/pause 1500/showFrame 5/message \"{{i18n:AD.Hospital.Married.Luckiest.1}}\"/pause 200/message \"{{i18n:AD.Hospital.Married.Luckiest.2}}\"/pause 500/speak Shadow \"{{i18n:AD.Hospital.Married.Luckiest.3}}\"/pause 200/message \"{{i18n:AD.Hospital.Married.Luckiest.4}}\"/pause 200/speak Shadow \"{{i18n:AD.Hospital.Married.Luckiest.5}}\"/pause 200/message \"{{i18n:AD.Hospital.Married.Luckiest.6}}\"/pause 200/speak Shadow \"{{i18n:AD.Hospital.Married.Luckiest.7}}\"/pause 200/speak Shadow \"{{i18n:AD.Hospital.Married.Luckiest.8}}\"/pause 200/speak Shadow \"{{i18n:AD.Hospital.Married.Luckiest.9}}\"/pause 200/message \"{{i18n:AD.Hospital.Married.Luckiest.10}}\"/pause 200/message \"{{i18n:AD.Hospital.Married.Luckiest.11}}\"/pause 200/speak Harvey \"{{i18n:AD.Hospital.Married.Luckiest.12}}\"/pause 200/message \"{{i18n:AD.Hospital.Married.Luckiest.13}}\"/pause 1000/hospitaldeath/end"
            },
            "When": {
                "Death Consequences": "On",
                "Spouse": "Harvey",
                "RandomNumber": "1"
            }
        },
        {
            // DONE 1/27 5:40AM
            "LogName": "Hospital Death - M Lucky",
            "Action": "EditData",
            "Target": "Data/Events/Hospital",
            "Entries": {
                "PlayerKilled": "Hospital_Ambient/-100 -100/farmer 20 12 2 Shadow -200 -200 0/pause 1500/showFrame 5/speak Shadow \"{{i18n:AD.Hospital.Married.Lucky.1}}\"/pause 200/message \"{{i18n:AD.Hospital.Married.Lucky.2}}\"/pause 500/speak Shadow \"{{i18n:AD.Hospital.Married.Lucky.3}}\"/pause 200/message \"{{i18n:AD.Hospital.Married.Lucky.4}}\"/pause 200/speak Shadow \"{{i18n:AD.Hospital.Married.Lucky.5}}\"/pause 1000/hospitaldeath/end"
            },
            "When": {
                "Death Consequences": "On",
                "Spouse": "Harvey",
                "RandomNumber": "2"
            }
        },
        {
            // DONE 1/27 5:49AM
            "LogName": "Hospital Death - M Unlucky",
            "Action": "EditData",
            "Target": "Data/Events/Hospital",
            "Entries": {
                "PlayerKilled": "Hospital_Ambient/-100 -100/farmer 20 12 2 {{Spouse}} -200 -200 0/pause 1500/showFrame 5/message \"{{i18n:AD.Hospital.Married.Unlucky.1}}\"/pause 500/speak {{Spouse}} \"{{i18n:AD.Hospital.Married.Unlucky.2}}\"/pause 200/message \"{{i18n:AD.Hospital.Married.Unlucky.3}}\"/pause 200/speak {{Spouse}} \"{{i18n:AD.Hospital.Married.Unlucky.4}}\"/pause 200/message \"{{i18n:AD.Hospital.Married.Unlucky.5}}\"/pause 1000/hospitaldeath/end"
            },
            "When": {
                "Death Consequences": "On",
                "Spouse": "Harvey",
                "RandomNumber": "4"
            }
        },
        {
            "LogName": "Hospital Death - M Unluckiest",
            "Action": "EditData",
            "Target": "Data/Events/Hospital",
            "Entries": {
                "PlayerKilled": "Hospital_Ambient/-100 -100/farmer 19 12 2 {{Spouse}} {{Spouse}} 21 12 2/positionOffset farmer -30 25/pause 1500/showFrame 5/message \"{{i18n:AD.Hospital.Married.Unluckiest.1}}\"/pause 500/viewport 20 12 true/pause 500/emote {{Spouse}} 12/pause 500/speak {{Spouse}} \"{{i18n:AD.Hospital.Married.Unluckiest.2}}\"/pause 200/message \"{{i18n:AD.Hospital.Married.Unluckiest.3}}\"/pause 1000/addConversationTopic ADSpouseIsTiredOfYou 1/hospitaldeath/end"
            },
            "When": {
                "Death Consequences": "On",
                "Spouse": "Harvey",
                "RandomNumber": "5"
            }
        },
        {
            // DONE 1/27 6:00AM
            "LogName": "Hospital Death - M Lucky ElliottGone",
            "Action": "EditData",
            "Target": "Data/Events/Hospital",
            "Entries": {
                "PlayerKilled": "Hospital_Ambient/-100 -100/farmer 20 12 2 Shadow -1000 -1000 0/pause 1500/showFrame 5/speak Shadow \"{{i18n:AD.Hospital.Married.ElliottGone.Lucky.1}}\"/pause 200/message \"{{i18n:AD.Hospital.Married.ElliottGone.Lucky.2}}\"/pause 500/speak Shadow \"{{i18n:AD.Hospital.Married.ElliottGone.Lucky.3}}\"/pause 500/message \"{{i18n:AD.Hospital.Married.ElliottGone.Lucky.4}}\"/pause 1000/speak Shadow \"{{i18n:AD.Hospital.Married.ElliottGone.Lucky.5}}\"/pause 1000/message \"{{i18n:AD.Hospital.Married.ElliottGone.Lucky.6}}\"/pause 1000/speak Shadow \"{{i18n:AD.Hospital.Married.ElliottGone.Lucky.7}}\"/pause 400/playSound stoneStep/pause 400/playSound stoneStep/pause 400/playSound stoneStep/pause 400/playSound stoneStep/pause 400/playSound stoneStep/pause 800/viewport 20 12 true/pause 1000/showFrame 0/pause 1000/emote farmer 40/mail elliottADHospital/hospitaldeath/end"
            },
            "When": {
                "Death Consequences": "On",
                "Spouse": "Harvey",
                "HasConversationtopic": "elliottGone",
                "Query: {{DailyLuck}} >= 0": true
            }
        },
        {
            // DONE 1/27 6:00AM
            "LogName": "Hospital Death - M Unlucky ElliottGone",
            "Action": "EditData",
            "Target": "Data/Events/Hospital",
            "Entries": {
                "PlayerKilled": "Hospital_Ambient/-100 -100/farmer 20 12 2 Shadow -1000 -1000 0/pause 1500/showFrame 5/speak Shadow \"{{i18n:AD.Hospital.Married.ElliottGone.Unlucky.1}}\"/pause 500/speak Shadow \"{{i18n:AD.Hospital.Married.ElliottGone.Unlucky.2}}\"/pause 200/message \"{{i18n:AD.Hospital.Married.ElliottGone.Unlucky.3}}\"/pause 500/speak Shadow \"{{i18n:AD.Hospital.Married.ElliottGone.Unlucky.4}}\"/pause 500/message \"{{i18n:AD.Hospital.Married.ElliottGone.Unlucky.5}}\"/pause 1000/speak Shadow \"{{i18n:AD.Hospital.Married.ElliottGone.Unlucky.6}}\"/pause 1000/message \"{{i18n:AD.Hospital.Married.ElliottGone.Unlucky.7}}\"/pause 200/message \"AD.Hospital.Married.ElliottGone.Unlucky.8\"/pause 200/speak Shadow \"{{i18n:AD.Hospital.Married.ElliottGone.Unlucky.9}}\"/pause 200/speak Shadow \"AD.Hospital.Married.ElliottGone.Unlucky.10\"/pause 400/playSound stoneStep/pause 400/playSound stoneStep/pause 400/playSound stoneStep/pause 400/playSound stoneStep/pause 400/playSound stoneStep/pause 800/viewport 20 12 true/pause 1000/showFrame 0/pause 1000/emote farmer 40/mail elliottADHospital/hospitaldeath/end"
            },
            "When": {
                "Death Consequences": "On",
                "Spouse": "Harvey",
                "HasConversationtopic": "elliottGone",
                "Query: {{DailyLuck}} < 0": true
            }
        },
        // ----------------------------------------------------------------------------------------------------
        // DEATH CONSEQUENCES - OFF
        // MARRIED BUT NOT TO HARVEY
        // HOSPITAL
        // ----------------------------------------------------------------------------------------------------
        {
            // DONE 1/27 5:35AM
            "LogName": "Hospital Death - MNC Luckiest",
            "Action": "EditData",
            "Target": "Data/Events/Hospital",
            "Entries": {
                "PlayerKilled": "Hospital_Ambient/-100 -100/farmer 20 12 2 Shadow -200 -200 0 Harvey -200 -200 0/pause 1500/showFrame 5/message \"{{i18n:AD.Hospital.Married.Luckiest.1}}\"/pause 200/message \"{{i18n:AD.Hospital.Married.Luckiest.2}}\"/pause 500/speak Shadow \"{{i18n:AD.Hospital.Married.Luckiest.3}}\"/pause 200/message \"{{i18n:AD.Hospital.Married.Luckiest.4}}\"/pause 200/speak Shadow \"{{i18n:AD.Hospital.Married.Luckiest.5}}\"/pause 200/message \"{{i18n:AD.Hospital.Married.Luckiest.6}}\"/pause 200/speak Shadow \"{{i18n:AD.Hospital.Married.Luckiest.7}}\"/pause 200/speak Shadow \"{{i18n:AD.Hospital.Married.Luckiest.8}}\"/pause 200/speak Shadow \"{{i18n:AD.Hospital.Married.Luckiest.9}}\"/pause 200/message \"{{i18n:AD.Hospital.Married.Luckiest.10}}\"/pause 200/message \"{{i18n:AD.Hospital.Married.Luckiest.11}}\"/pause 200/speak Harvey \"{{i18n:AD.Hospital.Married.Luckiest.12}}\"/pause 200/message \"{{i18n:AD.Hospital.Married.Luckiest.13}}\"/pause 1000/end"
            },
            "When": {
                "Death Consequences": "Fully Off",
                "Query: '{{Spouse}}' = 'Harvey'": false,
                "Spouse": "{{Spouse}}, default",
                "RandomNumber": "1"
            }
        },
        {
            // DONE 1/27 5:40AM
            "LogName": "Hospital Death - MNC Lucky",
            "Action": "EditData",
            "Target": "Data/Events/Hospital",
            "Entries": {
                "PlayerKilled": "Hospital_Ambient/-100 -100/farmer 20 12 2 Shadow -200 -200 0/pause 1500/showFrame 5/speak Shadow \"{{i18n:AD.Hospital.Married.Lucky.1}}\"/pause 200/message \"{{i18n:AD.Hospital.Married.Lucky.2}}\"/pause 500/speak Shadow \"{{i18n:AD.Hospital.Married.Lucky.3}}\"/pause 200/message \"{{i18n:AD.Hospital.Married.Lucky.4}}\"/pause 200/speak Shadow \"{{i18n:AD.Hospital.Married.Lucky.5}}\"/pause 1000/end"
            },
            "When": {
                "Death Consequences": "Fully Off",
                "Query: '{{Spouse}}' = 'Harvey'": false,
                "Spouse": "{{Spouse}}, default",
                "RandomNumber": "2"
            }
        },
        {
            // DONE 1/27 5:48AM
            "LogName": "Hospital Death - MNC Neutral Alex/Shane",
            "Action": "EditData",
            "Target": "Data/Events/Hospital",
            "Entries": {
                "PlayerKilled": "Hospital_Ambient/-100 -100/farmer 19 12 2 Harvey 21 13 0 {{Spouse}} 21 12 2/positionOffset farmer -30 25/pause 1500/speak Harvey \"{{i18n:AD.Hospital.Married.AS.Neutral.1{{GeneralPlayerPronoun}}}}\"/pause 200/speak {{Spouse}} \"{{i18n:AD.Hospital.Married.AS.Neutral.2{{GeneralPlayerPronoun}}}}\"/pause 200/speak Harvey \"{{i18n:AD.Hospital.Married.AS.Neutral.3}}\"/pause 200/speak {{Spouse}} \"{{i18n:AD.Hospital.Married.AS.Neutral.{{SpouseName}}{{GeneralPlayerPronoun}}}}\"/pause 200/speak Harvey \"{{i18n:AD.Hospital.Married.AS.Neutral.4}}\"/showFrame 5/pause 500/viewport 20 12 true/pause 1000/showFrame 0/pause 200/emote farmer 8/pause 200/emote {{Spouse}} 16 true/emote Harvey 16/pause 500/faceDirection {{Spouse}} 3/faceDirection Harvey 3/pause 800/textAboveHead {{Spouse}} \"{{i18n:AD.Hospital.Married.AS.Neutral.5}}\"/textAboveHead Harvey \"{{i18n:AD.Hospital.Married.AS.Neutral.5}}\"/pause 2500/faceDirection Harvey 0 true/faceDirection {{Spouse}} 2/pause 500/emote Harvey 12 true/emote {{Spouse}} 12/pause 500/speak Harvey \"{{i18n:AD.Hospital.Married.AS.Neutral.7}}\"/pause 1000/end"
            },
            "When": {
                "Death Consequences": "Fully Off",
                "Spouse": "Alex, Shane",
                "RandomNumber": "3"
            }
        },
        {
            // DONE 1/27 5:48AM
            "LogName": "Hospital Death - MNC Neutral Sam/Sebastian/Elliott/Default",
            "Action": "EditData",
            "Target": "Data/Events/Hospital",
            "Entries": {
                "PlayerKilled": "Hospital_Ambient/-100 -100/farmer 19 12 2 Harvey 21 13 0 {{Spouse}} 21 12 2/positionOffset farmer -30 25/pause 1500/speak Harvey \"{{i18n:AD.Hospital.Married.SSED.Neutral.1{{GeneralPlayerPronoun}}}}\"/pause 50/speak {{Spouse}} \"{{i18n:AD.Hospital.Married.SSED.Neutral.2}}\"/pause 50/speak Harvey \"{{i18n:AD.Hospital.Married.SSED.Neutral.3}}\"/pause 50/speak {{Spouse}} \"{{i18n:AD.Hospital.Married.SSED.Neutral.{{SpouseName}}{{GeneralPlayerPronoun}}}}\"/pause 50/speak Harvey \"{{i18n:AD.Hospital.Married.SSED.Neutral.5}}\"/showFrame 5/pause 500/viewport 20 12 true/pause 1000/emote {{Spouse}} 12 true/emote Harvey 12/pause 500/showFrame 0/pause 200/emote farmer 8/pause 200/emote {{Spouse}} 16 true/emote Harvey 16/pause 500/faceDirection {{Spouse}} 3 true/faceDirection Harvey 3/pause 200/textAboveHead {{Spouse}} \"{{i18n:AD.Hospital.Married.SSED.Neutral.6}}\"/textAboveHead Harvey \"{{i18n:AD.Hospital.Married.SSED.Neutral.6}}\"/pause 2500/faceDirection Harvey 0/pause 200/emote Harvey 12/pause 350/speak Harvey \"{{i18n:AD.Hospital.Married.SSED.Neutral.7}}\"/pause 1000/end"
            },
            "When": {
                "Death Consequences": "Fully Off",
                "Spouse": "Sam, Sebastian, Elliott, default",
                "RandomNumber": "3"
            }
        },
        {
            // DONE 1/27 5:49AM
            "LogName": "Hospital Death - MNC Neutral Harvey",
            "Action": "EditData",
            "Target": "Data/Events/Hospital",
            "Entries": {
                "PlayerKilled": "Hospital_Ambient/-100 -100/farmer 19 12 2 Harvey 21 12 3/positionOffset farmer -30 25/pause 1500/message \"{{i18n:AD.Hospital.Married.Harvey.Neutral.1}}\"/pause 500/message \"{{i18n:AD.Hospital.Married.Harvey.Neutral.2}}\"/pause 200/speak Harvey \"{{i18n:AD.Hospital.Married.Harvey.Neutral.3}}\"/pause 200/message \"{{i18n:AD.Hospital.Married.Harvey.Neutral.4}}\"/pause 200/speak Harvey \"{{i18n:AD.Hospital.Married.Harvey.Neutral.5}}\"/pause 200/message \"{{i18n:AD.Hospital.Married.Harvey.Neutral.6}}\"/showFrame 5/pause 500/viewport 20 12 true/pause 1000/showFrame 0/pause 200/emote farmer 8/pause 350/speak Harvey \"{{i18n:AD.Hospital.Married.Harvey.Neutral.7}}\"/pause 200/emote farmer 60/pause 1000/end"
            },
            "When": {
                "Death Consequences": "Fully Off, Off only when married to Harvey",
                "Spouse": "Harvey",
                "RandomNumber": "3"
            }
        },
        {
            // DONE 1/27 5:49AM
            "LogName": "Hospital Death - MNC Unlucky",
            "Action": "EditData",
            "Target": "Data/Events/Hospital",
            "Entries": {
                "PlayerKilled": "Hospital_Ambient/-100 -100/farmer 20 12 2 {{Spouse}} -200 -200 0/pause 1500/showFrame 5/message \"{{i18n:AD.Hospital.Married.Unlucky.1}}\"/pause 500/speak {{Spouse}} \"{{i18n:AD.Hospital.Married.Unlucky.2}}\"/pause 200/message \"{{i18n:AD.Hospital.Married.Unlucky.3}}\"/pause 200/speak {{Spouse}} \"{{i18n:AD.Hospital.Married.Unlucky.4}}\"/pause 200/message \"{{i18n:AD.Hospital.Married.Unlucky.5}}\"/pause 1000/end"
            },
            "When": {
                "Death Consequences": "Fully Off",
                "Spouse": "{{Spouse}}, default",
                "Query: '{{Spouse}}' = 'Harvey'": false,
                "RandomNumber": "4"
            }
        },
        {
            "LogName": "Hospital Death - MNC Unluckiest",
            "Action": "EditData",
            "Target": "Data/Events/Hospital",
            "Entries": {
                "PlayerKilled": "Hospital_Ambient/-100 -100/farmer 19 12 2 {{Spouse}} {{Spouse}} 21 12 2/positionOffset farmer -30 25/pause 1500/showFrame 5/message \"{{i18n:AD.Hospital.Married.Unluckiest.1}}\"/pause 500/viewport 20 12 true/pause 500/emote {{Spouse}} 12/pause 500/speak {{Spouse}} \"{{i18n:AD.Hospital.Married.Unluckiest.2}}\"/pause 200/message \"{{i18n:AD.Hospital.Married.Unluckiest.3}}\"/pause 1000/addConversationTopic ADSpouseIsTiredOfYou 1/end"
            },
            "When": {
                "Death Consequences": "Fully Off",
                "Spouse": "{{Spouse}}, default",
                "Query: '{{Spouse}}' = 'Harvey'": false,
                "RandomNumber": "5"
            }
        },
        {
            // DONE 1/27 6:00AM
            "LogName": "Hospital Death - MNC Lucky ElliottGone",
            "Action": "EditData",
            "Target": "Data/Events/Hospital",
            "Entries": {
                "PlayerKilled": "Hospital_Ambient/-100 -100/farmer 20 12 2 Shadow -1000 -1000 0/pause 1500/showFrame 5/speak Shadow \"{{i18n:AD.Hospital.Married.ElliottGone.Lucky.1}}\"/pause 200/message \"{{i18n:AD.Hospital.Married.ElliottGone.Lucky.2}}\"/pause 500/speak Shadow \"{{i18n:AD.Hospital.Married.ElliottGone.Lucky.3}}\"/pause 500/message \"{{i18n:AD.Hospital.Married.ElliottGone.Lucky.4}}\"/pause 1000/speak Shadow \"{{i18n:AD.Hospital.Married.ElliottGone.Lucky.5}}\"/pause 1000/message \"{{i18n:AD.Hospital.Married.ElliottGone.Lucky.6}}\"/pause 1000/speak Shadow \"{{i18n:AD.Hospital.Married.ElliottGone.Lucky.7}}\"/pause 400/playSound stoneStep/pause 400/playSound stoneStep/pause 400/playSound stoneStep/pause 400/playSound stoneStep/pause 400/playSound stoneStep/pause 800/viewport 20 12 true/pause 1000/showFrame 0/pause 1000/emote farmer 40/mail elliottADHospital/end"
            },
            "When": {
                "Death Consequences": "Fully Off",
                "Query: '{{Spouse}}' = 'Harvey'": false,
                "HasConversationtopic": "elliottGone",
                "Query: {{DailyLuck}} >= 0": true
            }
        },
        {
            // DONE 1/27 6:00AM
            "LogName": "Hospital Death - MNC Unlucky ElliottGone",
            "Action": "EditData",
            "Target": "Data/Events/Hospital",
            "Entries": {
                "PlayerKilled": "Hospital_Ambient/-100 -100/farmer 20 12 2 Shadow -1000 -1000 0/pause 1500/showFrame 5/speak Shadow \"{{i18n:AD.Hospital.Married.ElliottGone.Unlucky.1}}\"/pause 500/speak Shadow \"{{i18n:AD.Hospital.Married.ElliottGone.Unlucky.2}}\"/pause 200/message \"{{i18n:AD.Hospital.Married.ElliottGone.Unlucky.3}}\"/pause 500/speak Shadow \"{{i18n:AD.Hospital.Married.ElliottGone.Unlucky.4}}\"/pause 500/message \"{{i18n:AD.Hospital.Married.ElliottGone.Unlucky.5}}\"/pause 1000/speak Shadow \"{{i18n:AD.Hospital.Married.ElliottGone.Unlucky.6}}\"/pause 1000/message \"{{i18n:AD.Hospital.Married.ElliottGone.Unlucky.7}}\"/pause 200/message \"AD.Hospital.Married.ElliottGone.Unlucky.8\"/pause 200/speak Shadow \"{{i18n:AD.Hospital.Married.ElliottGone.Unlucky.9}}\"/pause 200/speak Shadow \"AD.Hospital.Married.ElliottGone.Unlucky.10\"/pause 400/playSound stoneStep/pause 400/playSound stoneStep/pause 400/playSound stoneStep/pause 400/playSound stoneStep/pause 400/playSound stoneStep/pause 800/viewport 20 12 true/pause 1000/showFrame 0/pause 1000/emote farmer 40/mail elliottADHospital/end"
            },
            "When": {
                "Death Consequences": "Fully Off",
                "Query: '{{Spouse}}' = 'Harvey'": false,
                "HasConversationtopic": "elliottGone",
                "Query: {{DailyLuck}} < 0": true
            }
        },
        // ----------------------------------------------------------------------------------------------------
        // DEATH CONSEQUENCES - OFF
        // MARRIED TO HARVEY
        // HOSPITAL
        // ----------------------------------------------------------------------------------------------------
        {
            // DONE 1/27 5:35AM
            "LogName": "Hospital Death - MNC Luckiest",
            "Action": "EditData",
            "Target": "Data/Events/Hospital",
            "Entries": {
                "PlayerKilled": "Hospital_Ambient/-100 -100/farmer 20 12 2 Shadow -200 -200 0 Harvey -200 -200 0/pause 1500/showFrame 5/message \"{{i18n:AD.Hospital.Married.Luckiest.1}}\"/pause 200/message \"{{i18n:AD.Hospital.Married.Luckiest.2}}\"/pause 500/speak Shadow \"{{i18n:AD.Hospital.Married.Luckiest.3}}\"/pause 200/message \"{{i18n:AD.Hospital.Married.Luckiest.4}}\"/pause 200/speak Shadow \"{{i18n:AD.Hospital.Married.Luckiest.5}}\"/pause 200/message \"{{i18n:AD.Hospital.Married.Luckiest.6}}\"/pause 200/speak Shadow \"{{i18n:AD.Hospital.Married.Luckiest.7}}\"/pause 200/speak Shadow \"{{i18n:AD.Hospital.Married.Luckiest.8}}\"/pause 200/speak Shadow \"{{i18n:AD.Hospital.Married.Luckiest.9}}\"/pause 200/message \"{{i18n:AD.Hospital.Married.Luckiest.10}}\"/pause 200/message \"{{i18n:AD.Hospital.Married.Luckiest.11}}\"/pause 200/speak Harvey \"{{i18n:AD.Hospital.Married.Luckiest.12}}\"/pause 200/message \"{{i18n:AD.Hospital.Married.Luckiest.13}}\"/pause 1000/end"
            },
            "When": {
                "Death Consequences": "Fully Off, Off only when married to Harvey",
                "Spouse": "Harvey",
                "RandomNumber": "1"
            }
        },
        {
            // DONE 1/27 5:40AM
            "LogName": "Hospital Death - MNC Lucky",
            "Action": "EditData",
            "Target": "Data/Events/Hospital",
            "Entries": {
                "PlayerKilled": "Hospital_Ambient/-100 -100/farmer 20 12 2 Shadow -200 -200 0/pause 1500/showFrame 5/speak Shadow \"{{i18n:AD.Hospital.Married.Lucky.1}}\"/pause 200/message \"{{i18n:AD.Hospital.Married.Lucky.2}}\"/pause 500/speak Shadow \"{{i18n:AD.Hospital.Married.Lucky.3}}\"/pause 200/message \"{{i18n:AD.Hospital.Married.Lucky.4}}\"/pause 200/speak Shadow \"{{i18n:AD.Hospital.Married.Lucky.5}}\"/pause 1000/end"
            },
            "When": {
                "Death Consequences": "Fully Off, Off only when married to Harvey",
                "Spouse": "Harvey",
                "RandomNumber": "2"
            }
        },
        {
            // DONE 1/27 5:49AM
            "LogName": "Hospital Death - MNC Unlucky",
            "Action": "EditData",
            "Target": "Data/Events/Hospital",
            "Entries": {
                "PlayerKilled": "Hospital_Ambient/-100 -100/farmer 20 12 2 {{Spouse}} -200 -200 0/pause 1500/showFrame 5/message \"{{i18n:AD.Hospital.Married.Unlucky.1}}\"/pause 500/speak {{Spouse}} \"{{i18n:AD.Hospital.Married.Unlucky.2}}\"/pause 200/message \"{{i18n:AD.Hospital.Married.Unlucky.3}}\"/pause 200/speak {{Spouse}} \"{{i18n:AD.Hospital.Married.Unlucky.4}}\"/pause 200/message \"{{i18n:AD.Hospital.Married.Unlucky.5}}\"/pause 1000/end"
            },
            "When": {
                "Death Consequences": "Fully Off, Off only when married to Harvey",
                "Spouse": "Harvey",
                "RandomNumber": "4"
            }
        },
        {
            "LogName": "Hospital Death - MNC Unluckiest",
            "Action": "EditData",
            "Target": "Data/Events/Hospital",
            "Entries": {
                "PlayerKilled": "Hospital_Ambient/-100 -100/farmer 19 12 2 {{Spouse}} {{Spouse}} 21 12 2/positionOffset farmer -30 25/pause 1500/showFrame 5/message \"{{i18n:AD.Hospital.Married.Unluckiest.1}}\"/pause 500/viewport 20 12 true/pause 500/emote {{Spouse}} 12/pause 500/speak {{Spouse}} \"{{i18n:AD.Hospital.Married.Unluckiest.2}}\"/pause 200/message \"{{i18n:AD.Hospital.Married.Unluckiest.3}}\"/pause 1000/addConversationTopic ADSpouseIsTiredOfYou 1/end"
            },
            "When": {
                "Death Consequences": "Fully Off, Off only when married to Harvey",
                "Spouse": "Harvey",
                "RandomNumber": "5"
            }
        },
        {
            // DONE 1/27 6:00AM
            "LogName": "Hospital Death - MNC Lucky ElliottGone",
            "Action": "EditData",
            "Target": "Data/Events/Hospital",
            "Entries": {
                "PlayerKilled": "Hospital_Ambient/-100 -100/farmer 20 12 2 Shadow -1000 -1000 0/pause 1500/showFrame 5/speak Shadow \"{{i18n:AD.Hospital.Married.ElliottGone.Lucky.1}}\"/pause 200/message \"{{i18n:AD.Hospital.Married.ElliottGone.Lucky.2}}\"/pause 500/speak Shadow \"{{i18n:AD.Hospital.Married.ElliottGone.Lucky.3}}\"/pause 500/message \"{{i18n:AD.Hospital.Married.ElliottGone.Lucky.4}}\"/pause 1000/speak Shadow \"{{i18n:AD.Hospital.Married.ElliottGone.Lucky.5}}\"/pause 1000/message \"{{i18n:AD.Hospital.Married.ElliottGone.Lucky.6}}\"/pause 1000/speak Shadow \"{{i18n:AD.Hospital.Married.ElliottGone.Lucky.7}}\"/pause 400/playSound stoneStep/pause 400/playSound stoneStep/pause 400/playSound stoneStep/pause 400/playSound stoneStep/pause 400/playSound stoneStep/pause 800/viewport 20 12 true/pause 1000/showFrame 0/pause 1000/emote farmer 40/mail elliottADHospital/end"
            },
            "When": {
                "Death Consequences": "Fully Off, Off only when married to Harvey",
                "Spouse": "Harvey",
                "HasConversationtopic": "elliottGone",
                "Query: {{DailyLuck}} >= 0": true
            }
        },
        {
            // DONE 1/27 6:00AM
            "LogName": "Hospital Death - MNC Unlucky ElliottGone",
            "Action": "EditData",
            "Target": "Data/Events/Hospital",
            "Entries": {
                "PlayerKilled": "Hospital_Ambient/-100 -100/farmer 20 12 2 Shadow -1000 -1000 0/pause 1500/showFrame 5/speak Shadow \"{{i18n:AD.Hospital.Married.ElliottGone.Unlucky.1}}\"/pause 500/speak Shadow \"{{i18n:AD.Hospital.Married.ElliottGone.Unlucky.2}}\"/pause 200/message \"{{i18n:AD.Hospital.Married.ElliottGone.Unlucky.3}}\"/pause 500/speak Shadow \"{{i18n:AD.Hospital.Married.ElliottGone.Unlucky.4}}\"/pause 500/message \"{{i18n:AD.Hospital.Married.ElliottGone.Unlucky.5}}\"/pause 1000/speak Shadow \"{{i18n:AD.Hospital.Married.ElliottGone.Unlucky.6}}\"/pause 1000/message \"{{i18n:AD.Hospital.Married.ElliottGone.Unlucky.7}}\"/pause 200/message \"AD.Hospital.Married.ElliottGone.Unlucky.8\"/pause 200/speak Shadow \"{{i18n:AD.Hospital.Married.ElliottGone.Unlucky.9}}\"/pause 200/speak Shadow \"AD.Hospital.Married.ElliottGone.Unlucky.10\"/pause 400/playSound stoneStep/pause 400/playSound stoneStep/pause 400/playSound stoneStep/pause 400/playSound stoneStep/pause 400/playSound stoneStep/pause 800/viewport 20 12 true/pause 1000/showFrame 0/pause 1000/emote farmer 40/mail elliottADHospital/end"
            },
            "When": {
                "Death Consequences": "Fully Off, Off only when married to Harvey",
                "Spouse": "Harvey",
                "HasConversationtopic": "elliottGone",
                "Query: {{DailyLuck}} < 0": true
            }
        }
    ]
}