{
    "Changes": [
        // ----------------------------------------------------------------------------------------------------
        // DEATH CONSEQUENCES - ON
        // MARRIED BUT NOT TO HARVEY
        // MINES
        // ----------------------------------------------------------------------------------------------------
        {
            // DONE 1/27 6:10AM
            "LogName": "Mines Death - M Luckiest",
            "Action": "EditData",
            "Target": "Data/Events/Mine",
            "Entries": {
                "PlayerKilled": "none/-100 -100/farmer 19 10 2 Shadow -100 -100 0/pause 1500/showFrame 5/speak Shadow \"{{i18n:AD.Mines.Married.Luckiest.1}}\"/pause 200/message \"{{i18n:AD.Mines.Married.Luckiest.2}}\"/pause 200/speak Shadow \"{{i18n:AD.Mines.Married.Luckiest.3}}\"/pause 200/message \"{{i18n:AD.Mines.Married.Luckiest.4}}\"/pause 200/speak Shadow \"{{i18n:AD.Mines.Married.Luckiest.5}}\"/pause 200/message \"{{i18n:AD.Mines.Married.Luckiest.6}}\"/pause 1000/speak Shadow \"{{i18n:AD.Mines.Married.Luckiest.7}}\"/pause 200/message \"{{i18n:AD.Mines.Married.Luckiest.8}}\"/pause 1000/minedeath/end"
            },
            "When": {
                "Death Consequences": "On, Off only when married to Harvey",
                "Spouse": "{{Spouse}}, default",
                "Query: '{{Spouse}}' = 'Harvey'": false,
                "RandomNumber": "1"
            }            
        },
        {
            // DONE 1/27 6:15AM
            "LogName": "Mines Death - M Lucky",
            "Action": "EditData",
            "Target": "Data/Events/Mine",
            "Entries": {
                "PlayerKilled": "none/-100 -100/farmer 19 10 2 Shadow -100 -100 0/pause 1500/showFrame 5/message \"{{i18n:AD.Mines.Married.Lucky.1}}\"/pause 200/speak Shadow \"{{i18n:AD.Mines.Married.Lucky.2}}\"/pause 200/message \"{{i18n:AD.Mines.Married.Lucky.3}}\"/pause 200/speak Shadow \"{{i18n:AD.Mines.Married.Lucky.4}}\"/pause 200/message \"{{i18n:AD.Mines.Married.Lucky.5}}\"/pause 200/speak Shadow \"{{i18n:AD.Mines.Married.Lucky.6}}\"/pause 200/message \"{{i18n:AD.Mines.Married.Lucky.7}}\"/pause 1000/speak Shadow \"{{i18n:AD.Mines.Married.Lucky.8}}\"/pause 200/message \"{{i18n:AD.Mines.Married.Lucky.9}}\"/speak Shadow \"{{i18n:AD.Mines.Married.Lucky.10.{{siliconmodding.NPCTokens/NPC:{{Spouse}}+gender}}}}\"/pause 200/message \"AD.Mines.Married.Lucky.11\"/pause 1000/viewport 19 10 true/pause 2000/showFrame 0/pause 500/emote farmer 8/pause 500/faceDirection farmer 3/pause 100/faceDirection farmer 2/pause 100/faceDirection farmer 1/pause 100/faceDirection farmer 2/pause 200/emote farmer 28/pause 1000/minedeath/end"
            },
            "When": {
                "Death Consequences": "On, Off only when married to Harvey",
                "Spouse": "{{Spouse}}, default",
                "Query: '{{Spouse}}' = 'Harvey'": false,
                "RandomNumber": "2"
            }            
        },
        {
            // DONE 1/27 6:18AM
            "LogName": "Mines Death - M Neutral",
            "Action": "EditData",
            "Target": "Data/Events/Mine",
            "Entries": {
                "PlayerKilled": "none/-100 -100/farmer 19 10 2 Shadow -100 -100 0 {{Spouse}} 18 10 1/pause 1500/showFrame 5/speak Shadow \"{{i18n:AD.Mines.Married.Neutral.1}}\"/pause 200/message \"{{i18n:AD.Mines.Married.Neutral.2}}\"/pause 200/speak Shadow \"{{i18n:AD.Mines.Married.Neutral.3}}\"/pause 200/message \"{{i18n:AD.Mines.Married.Neutral.4}}\"/pause 200/speak Shadow \"{{i18n:AD.Mines.Married.Neutral.5}}\"/pause 200/message \"{{i18n:AD.Mines.Married.Neutral.6}}\"/pause 1500/viewport 19 10 true/pause 1500/showFrame 0/pause 1000/faceDirection farmer 3/pause 200/message \"'{{i18n:AD.Mines.Married.Neutral.7}}'\"/pause 200/speak {{Spouse}} \"{{i18n:AD.Mines.Married.Neutral.8}}\"/pause 500/emote farmer 28/pause 1000/minedeath/end"
            },
            "When": {
                "Death Consequences": "On, Off only when married to Harvey",
                "Spouse": "{{Spouse}}, default",
                "Query: '{{Spouse}}' = 'Harvey'": false,
                "RandomNumber": "3"
            }            
        },
        {
            // DONE 1/27 6:20AM
            "LogName": "Mines Death - M Unlucky",
            "Action": "EditData",
            "Target": "Data/Events/Mine",
            "Entries": {
                "PlayerKilled": "none/-100 -100/farmer 19 10 2 Shadow -100 -100 0 {{Spouse}} 18 10 1/pause 1500/showFrame 5/speak Shadow \"{{i18n:AD.Mines.Married.Unlucky.1}}\"/pause 200/message \"{{i18n:AD.Mines.Married.Unlucky.2}}\"/pause 200/speak Shadow \"{{i18n:AD.Mines.Married.Unlucky.3}}\"/pause 200/message \"{{i18n:AD.Mines.Married.Unlucky.4}}\"/pause 1500/viewport 19 10 true/pause 1500/showFrame 0/pause 1000/faceDirection farmer 3/pause 200/speak {{Spouse}} \"{{i18n:AD.Mines.Married.Unlucky.5}}\"/pause 200/emote farmer 32/pause 500/speak {{Spouse}} \"{{i18n:AD.Mines.Married.Unlucky.6}}\"/pause 200/emote farmer 28/pause 1000/minedeath/end"
            },
            "When": {
                "Death Consequences": "On, Off only when married to Harvey",
                "Spouse": "{{Spouse}}, default",
                "Query: '{{Spouse}}' = 'Harvey'": false,
                "RandomNumber": "4"
            }            
        },
        {
            // DONE 1/27 6:23AM
            "LogName": "Mines Death - M Unluckiest",
            "Action": "EditData",
            "Target": "Data/Events/Mine",
            "Entries": {
                "PlayerKilled": "none/-100 -100/farmer 19 10 2 {{Spouse}} 18 10 1/pause 1500/showFrame 5/message \"{{i18n:AD.Mines.Married.Unluckiest.{{siliconmodding.NPCTokens/NPC:{{Spouse}}+gender}}.1}}\"/pause 200/speak {{Spouse}} \"{{i18n:AD.Mines.Married.Unluckiest.2}}\"/pause 200/message \"{{i18n:AD.Mines.Married.Unluckiest.3}}\"/pause 2000/showFrame 0/pause 500/emote farmer 8/pause 500/faceDirection farmer 3/pause 100/faceDirection farmer 2/pause 100/faceDirection farmer 1/pause 100/faceDirection farmer 2/pause 200/emote farmer 28/pause 1000/addConversationTopic ADSpouseIsTiredOfYou 1/minedeath/end"
            },
            "When": {
                "Death Consequences": "On, Off only when married to Harvey",
                "Spouse": "{{Spouse}}, default",
                "Query: '{{Spouse}}' = 'Harvey'": false,
                "RandomNumber": "5"
            }            
        },
        {
            // DONE 1/27 6:27AM
            "LogName": "Mines Death - M Lucky ElliottGone",
            "Action": "EditData",
            "Target": "Data/Events/Mine",
            "Entries": {
                "PlayerKilled": "none/-100 -100/farmer 19 10 2 Shadow -100 -100 0/pause 1500/showFrame 5/speak Shadow \"{{i18n:AD.Mines.Married.ElliottGone.Lucky.1}}\"/pause 200/message \"{{i18n:AD.Mines.Married.ElliottGone.Lucky.2}}\"/pause 200/speak Shadow \"{{i18n:AD.Mines.Married.ElliottGone.Lucky.3}}\"/pause 200/message \"{{i18n:AD.Mines.Married.ElliottGone.Lucky.4}}\"/pause 2000/showFrame 0/pause 500/emote farmer 8/pause 500/faceDirection farmer 3/pause 100/faceDirection farmer 2/pause 100/faceDirection farmer 1/pause 100/faceDirection farmer 2/pause 200/emote farmer 28/pause 1000/mail elliottADMines/minedeath/end"
            },
            "When": {
                "Death Consequences": "On, Off only when married to Harvey",
                "Query: '{{Spouse}}' = 'Harvey'": false,
                "HasConversationtopic": "elliottGone",
                "Query: {{DailyLuck}} >= 0": true
            }            
        },
        {
            // DONE 1/27 6:30AM
            "LogName": "Mines Death - M Lucky ElliottGone",
            "Action": "EditData",
            "Target": "Data/Events/Mine",
            "Entries": {
                "PlayerKilled": "none/-100 -100/farmer 19 10 2 Shadow -100 -100 0/pause 1500/showFrame 5/speak Shadow \"{{i18n:AD.Mines.Married.ElliottGone.Unlucky.1}}\"/pause 200/message \"{{i18n:AD.Mines.Married.ElliottGone.Unlucky.2}}\"/pause 200/speak Shadow \"{{i18n:AD.Mines.Married.ElliottGone.Unlucky.3}}\"/pause 200/message \"{{i18n:AD.Mines.Married.ElliottGone.Unlucky.4}}\"/pause 200/speak Shadow \"AD.Mines.Married.ElliottGone.Unlucky.5\"/pause 2000/showFrame 0/pause 500/emote farmer 8/pause 500/faceDirection farmer 3/pause 100/faceDirection farmer 2/pause 100/faceDirection farmer 1/pause 100/faceDirection farmer 2/pause 200/emote farmer 28/pause 1000/mail elliottADMines/minedeath/end"
            },
            "When": {
                "Death Consequences": "On, Off only when married to Harvey",
                "Query: '{{Spouse}}' = 'Harvey'": false,
                "HasConversationtopic": "elliottGone",
                "Query: {{DailyLuck}} < 0": true
            }            
        },
        // ----------------------------------------------------------------------------------------------------
        // DEATH CONSEQUENCES - ON
        // MARRIED BUT TO HARVEY
        // MINES
        // ----------------------------------------------------------------------------------------------------
        {
            // DONE 1/27 6:10AM
            "LogName": "Mines Death - M Luckiest",
            "Action": "EditData",
            "Target": "Data/Events/Mine",
            "Entries": {
                "PlayerKilled": "none/-100 -100/farmer 19 10 2 Shadow -100 -100 0/pause 1500/showFrame 5/speak Shadow \"{{i18n:AD.Mines.Married.Luckiest.1}}\"/pause 200/message \"{{i18n:AD.Mines.Married.Luckiest.2}}\"/pause 200/speak Shadow \"{{i18n:AD.Mines.Married.Luckiest.3}}\"/pause 200/message \"{{i18n:AD.Mines.Married.Luckiest.4}}\"/pause 200/speak Shadow \"{{i18n:AD.Mines.Married.Luckiest.5}}\"/pause 200/message \"{{i18n:AD.Mines.Married.Luckiest.6}}\"/pause 1000/speak Shadow \"{{i18n:AD.Mines.Married.Luckiest.7}}\"/pause 200/message \"{{i18n:AD.Mines.Married.Luckiest.8}}\"/pause 1000/minedeath/end"
            },
            "When": {
                "Death Consequences": "On",
                "Spouse": "Harvey",
                "RandomNumber": "1"
            }            
        },
        {
            // DONE 1/27 6:15AM
            "LogName": "Mines Death - M Lucky",
            "Action": "EditData",
            "Target": "Data/Events/Mine",
            "Entries": {
                "PlayerKilled": "none/-100 -100/farmer 19 10 2 Shadow -100 -100 0/pause 1500/showFrame 5/message \"{{i18n:AD.Mines.Married.Lucky.1}}\"/pause 200/speak Shadow \"{{i18n:AD.Mines.Married.Lucky.2}}\"/pause 200/message \"{{i18n:AD.Mines.Married.Lucky.3}}\"/pause 200/speak Shadow \"{{i18n:AD.Mines.Married.Lucky.4}}\"/pause 200/message \"{{i18n:AD.Mines.Married.Lucky.5}}\"/pause 200/speak Shadow \"{{i18n:AD.Mines.Married.Lucky.6}}\"/pause 200/message \"{{i18n:AD.Mines.Married.Lucky.7}}\"/pause 1000/speak Shadow \"{{i18n:AD.Mines.Married.Lucky.8}}\"/pause 200/message \"{{i18n:AD.Mines.Married.Lucky.9}}\"/speak Shadow \"{{i18n:AD.Mines.Married.Lucky.10.{{siliconmodding.NPCTokens/NPC:{{Spouse}}+gender}}}}\"/pause 200/message \"AD.Mines.Married.Lucky.11\"/pause 1000/viewport 19 10 true/pause 2000/showFrame 0/pause 500/emote farmer 8/pause 500/faceDirection farmer 3/pause 100/faceDirection farmer 2/pause 100/faceDirection farmer 1/pause 100/faceDirection farmer 2/pause 200/emote farmer 28/pause 1000/minedeath/end"
            },
            "When": {
                "Death Consequences": "On",
                "Spouse": "Harvey",
                "RandomNumber": "2"
            }            
        },
        {
            // DONE 1/27 6:18AM
            "LogName": "Mines Death - M Neutral",
            "Action": "EditData",
            "Target": "Data/Events/Mine",
            "Entries": {
                "PlayerKilled": "none/-100 -100/farmer 19 10 2 Shadow -100 -100 0 {{Spouse}} 18 10 1/pause 1500/showFrame 5/speak Shadow \"{{i18n:AD.Mines.Married.Neutral.1}}\"/pause 200/message \"{{i18n:AD.Mines.Married.Neutral.2}}\"/pause 200/speak Shadow \"{{i18n:AD.Mines.Married.Neutral.3}}\"/pause 200/message \"{{i18n:AD.Mines.Married.Neutral.4}}\"/pause 200/speak Shadow \"{{i18n:AD.Mines.Married.Neutral.5}}\"/pause 200/message \"{{i18n:AD.Mines.Married.Neutral.6}}\"/pause 1500/viewport 19 10 true/pause 1500/showFrame 0/pause 1000/faceDirection farmer 3/pause 200/message \"'{{i18n:AD.Mines.Married.Neutral.7}}'\"/pause 200/speak {{Spouse}} \"{{i18n:AD.Mines.Married.Neutral.8}}\"/pause 500/emote farmer 28/pause 1000/minedeath/end"
            },
            "When": {
                "Death Consequences": "On",
                "Spouse": "Harvey",
                "RandomNumber": "3"
            }            
        },
        {
            // DONE 1/27 6:20AM
            "LogName": "Mines Death - M Unlucky",
            "Action": "EditData",
            "Target": "Data/Events/Mine",
            "Entries": {
                "PlayerKilled": "none/-100 -100/farmer 19 10 2 Shadow -100 -100 0 {{Spouse}} 18 10 1/pause 1500/showFrame 5/speak Shadow \"{{i18n:AD.Mines.Married.Unlucky.1}}\"/pause 200/message \"{{i18n:AD.Mines.Married.Unlucky.2}}\"/pause 200/speak Shadow \"{{i18n:AD.Mines.Married.Unlucky.3}}\"/pause 200/message \"{{i18n:AD.Mines.Married.Unlucky.4}}\"/pause 1500/viewport 19 10 true/pause 1500/showFrame 0/pause 1000/faceDirection farmer 3/pause 200/speak {{Spouse}} \"{{i18n:AD.Mines.Married.Unlucky.5}}\"/pause 200/emote farmer 32/pause 500/speak {{Spouse}} \"{{i18n:AD.Mines.Married.Unlucky.6}}\"/pause 200/emote farmer 28/pause 1000/minedeath/end"
            },
            "When": {
                "Death Consequences": "On",
                "Spouse": "Harvey",
                "RandomNumber": "4"
            }            
        },
        {
            // DONE 1/27 6:23AM
            "LogName": "Mines Death - M Unluckiest",
            "Action": "EditData",
            "Target": "Data/Events/Mine",
            "Entries": {
                "PlayerKilled": "none/-100 -100/farmer 19 10 2 {{Spouse}} 18 10 1/pause 1500/showFrame 5/message \"{{i18n:AD.Mines.Married.Unluckiest.{{siliconmodding.NPCTokens/NPC:{{Spouse}}+gender}}.1}}\"/pause 200/speak {{Spouse}} \"{{i18n:AD.Mines.Married.Unluckiest.2}}\"/pause 200/message \"{{i18n:AD.Mines.Married.Unluckiest.3}}\"/pause 2000/showFrame 0/pause 500/emote farmer 8/pause 500/faceDirection farmer 3/pause 100/faceDirection farmer 2/pause 100/faceDirection farmer 1/pause 100/faceDirection farmer 2/pause 200/emote farmer 28/pause 1000/addConversationTopic ADSpouseIsTiredOfYou 1/minedeath/end"
            },
            "When": {
                "Death Consequences": "On",
                "Spouse": "Harvey",
                "RandomNumber": "5"
            }            
        },
        {
            // DONE 1/27 6:27AM
            "LogName": "Mines Death - M Lucky ElliottGone",
            "Action": "EditData",
            "Target": "Data/Events/Mine",
            "Entries": {
                "PlayerKilled": "none/-100 -100/farmer 19 10 2 Shadow -100 -100 0/pause 1500/showFrame 5/speak Shadow \"{{i18n:AD.Mines.Married.ElliottGone.Lucky.1}}\"/pause 200/message \"{{i18n:AD.Mines.Married.ElliottGone.Lucky.2}}\"/pause 200/speak Shadow \"{{i18n:AD.Mines.Married.ElliottGone.Lucky.3}}\"/pause 200/message \"{{i18n:AD.Mines.Married.ElliottGone.Lucky.4}}\"/pause 2000/showFrame 0/pause 500/emote farmer 8/pause 500/faceDirection farmer 3/pause 100/faceDirection farmer 2/pause 100/faceDirection farmer 1/pause 100/faceDirection farmer 2/pause 200/emote farmer 28/pause 1000/mail elliottADMines/minedeath/end"
            },
            "When": {
                "Death Consequences": "On",
                "Spouse": "Harvey",
                "HasConversationtopic": "elliottGone",
                "Query: {{DailyLuck}} >= 0": true
            }            
        },
        {
            // DONE 1/27 6:30AM
            "LogName": "Mines Death - M Lucky ElliottGone",
            "Action": "EditData",
            "Target": "Data/Events/Mine",
            "Entries": {
                "PlayerKilled": "none/-100 -100/farmer 19 10 2 Shadow -100 -100 0/pause 1500/showFrame 5/speak Shadow \"{{i18n:AD.Mines.Married.ElliottGone.Unlucky.1}}\"/pause 200/message \"{{i18n:AD.Mines.Married.ElliottGone.Unlucky.2}}\"/pause 200/speak Shadow \"{{i18n:AD.Mines.Married.ElliottGone.Unlucky.3}}\"/pause 200/message \"{{i18n:AD.Mines.Married.ElliottGone.Unlucky.4}}\"/pause 200/speak Shadow \"AD.Mines.Married.ElliottGone.Unlucky.5\"/pause 2000/showFrame 0/pause 500/emote farmer 8/pause 500/faceDirection farmer 3/pause 100/faceDirection farmer 2/pause 100/faceDirection farmer 1/pause 100/faceDirection farmer 2/pause 200/emote farmer 28/pause 1000/mail elliottADMines/minedeath/end"
            },
            "When": {
                "Death Consequences": "On",
                "Spouse": "Harvey",
                "HasConversationtopic": "elliottGone",
                "Query: {{DailyLuck}} < 0": true
            }            
        },
        // "Query: '{{Spouse}}' = 'Harvey'": false,
        // ----------------------------------------------------------------------------------------------------
        // DEATH CONSEQUENCES - OFF
        // MARRIED BUT NOT TO HARVEY
        // MINES
        // ----------------------------------------------------------------------------------------------------
        {
            // DONE 1/27 6:10AM
            "LogName": "Mines Death - MNC Luckiest",
            "Action": "EditData",
            "Target": "Data/Events/Mine",
            "Entries": {
                "PlayerKilled": "none/-100 -100/farmer 19 10 2 Shadow -100 -100 0/pause 1500/showFrame 5/speak Shadow \"{{i18n:AD.Mines.Married.Luckiest.1}}\"/pause 200/message \"{{i18n:AD.Mines.Married.Luckiest.2}}\"/pause 200/speak Shadow \"{{i18n:AD.Mines.Married.Luckiest.3}}\"/pause 200/message \"{{i18n:AD.Mines.Married.Luckiest.4}}\"/pause 200/speak Shadow \"{{i18n:AD.Mines.Married.Luckiest.5}}\"/pause 200/message \"{{i18n:AD.Mines.Married.Luckiest.6}}\"/pause 1000/speak Shadow \"{{i18n:AD.Mines.Married.Luckiest.7}}\"/pause 200/message \"{{i18n:AD.Mines.Married.Luckiest.8}}\"/pause 1000/end"
            },
            "When": {
                "Death Consequences": "Fully Off",
                "Spouse": "{{Spouse}}, default",
                "RandomNumber": "1"
            }            
        },
        {
            // DONE 1/27 6:15AM
            "LogName": "Mines Death - MNC Lucky",
            "Action": "EditData",
            "Target": "Data/Events/Mine",
            "Entries": {
                "PlayerKilled": "none/-100 -100/farmer 19 10 2 Shadow -100 -100 0/pause 1500/showFrame 5/message \"{{i18n:AD.Mines.Married.Lucky.1}}\"/pause 200/speak Shadow \"{{i18n:AD.Mines.Married.Lucky.2}}\"/pause 200/message \"{{i18n:AD.Mines.Married.Lucky.3}}\"/pause 200/speak Shadow \"{{i18n:AD.Mines.Married.Lucky.4}}\"/pause 200/message \"{{i18n:AD.Mines.Married.Lucky.5}}\"/pause 200/speak Shadow \"{{i18n:AD.Mines.Married.Lucky.6}}\"/pause 200/message \"{{i18n:AD.Mines.Married.Lucky.7}}\"/pause 1000/speak Shadow \"{{i18n:AD.Mines.Married.Lucky.8}}\"/pause 200/message \"{{i18n:AD.Mines.Married.Lucky.9}}\"/speak Shadow \"{{i18n:AD.Mines.Married.Lucky.10.{{siliconmodding.NPCTokens/NPC:{{Spouse}}+gender}}}}\"/pause 200/message \"AD.Mines.Married.Lucky.11\"/pause 1000/viewport 19 10 true/pause 2000/showFrame 0/pause 500/emote farmer 8/pause 500/faceDirection farmer 3/pause 100/faceDirection farmer 2/pause 100/faceDirection farmer 1/pause 100/faceDirection farmer 2/pause 200/emote farmer 28/pause 1000/end"
            },
            "When": {
                "Death Consequences": "Fully Off",
                "Spouse": "{{Spouse}}, default",
                "RandomNumber": "2"
            }            
        },
        {
            // DONE 1/27 6:18AM
            "LogName": "Mines Death - MNC Neutral",
            "Action": "EditData",
            "Target": "Data/Events/Mine",
            "Entries": {
                "PlayerKilled": "none/-100 -100/farmer 19 10 2 Shadow -100 -100 0 {{Spouse}} 18 10 1/pause 1500/showFrame 5/speak Shadow \"{{i18n:AD.Mines.Married.Neutral.1}}\"/pause 200/message \"{{i18n:AD.Mines.Married.Neutral.2}}\"/pause 200/speak Shadow \"{{i18n:AD.Mines.Married.Neutral.3}}\"/pause 200/message \"{{i18n:AD.Mines.Married.Neutral.4}}\"/pause 200/speak Shadow \"{{i18n:AD.Mines.Married.Neutral.5}}\"/pause 200/message \"{{i18n:AD.Mines.Married.Neutral.6}}\"/pause 1500/viewport 19 10 true/pause 1500/showFrame 0/pause 1000/faceDirection farmer 3/pause 200/message \"'{{i18n:AD.Mines.Married.Neutral.7}}'\"/pause 200/speak {{Spouse}} \"{{i18n:AD.Mines.Married.Neutral.8}}\"/pause 500/emote farmer 28/pause 1000/end"
            },
            "When": {
                "Death Consequences": "Fully Off",
                "Spouse": "{{Spouse}}, default",
                "RandomNumber": "3"
            }            
        },
        {
            // DONE 1/27 6:20AM
            "LogName": "Mines Death - MNC Unlucky",
            "Action": "EditData",
            "Target": "Data/Events/Mine",
            "Entries": {
                "PlayerKilled": "none/-100 -100/farmer 19 10 2 Shadow -100 -100 0 {{Spouse}} 18 10 1/pause 1500/showFrame 5/speak Shadow \"{{i18n:AD.Mines.Married.Unlucky.1}}\"/pause 200/message \"{{i18n:AD.Mines.Married.Unlucky.2}}\"/pause 200/speak Shadow \"{{i18n:AD.Mines.Married.Unlucky.3}}\"/pause 200/message \"{{i18n:AD.Mines.Married.Unlucky.4}}\"/pause 1500/viewport 19 10 true/pause 1500/showFrame 0/pause 1000/faceDirection farmer 3/pause 200/speak {{Spouse}} \"{{i18n:AD.Mines.Married.Unlucky.5}}\"/pause 200/emote farmer 32/pause 500/speak {{Spouse}} \"{{i18n:AD.Mines.Married.Unlucky.6}}\"/pause 200/emote farmer 28/pause 1000/end"
            },
            "When": {
                "Death Consequences": "Fully Off",
                "Spouse": "{{Spouse}}, default",
                "RandomNumber": "4"
            }            
        },
        {
            // DONE 1/27 6:23AM
            "LogName": "Mines Death - MNC Unluckiest",
            "Action": "EditData",
            "Target": "Data/Events/Mine",
            "Entries": {
                "PlayerKilled": "none/-100 -100/farmer 19 10 2 {{Spouse}} 18 10 1/pause 1500/showFrame 5/message \"{{i18n:AD.Mines.Married.Unluckiest.{{siliconmodding.NPCTokens/NPC:{{Spouse}}+gender}}.1}}\"/pause 200/speak {{Spouse}} \"{{i18n:AD.Mines.Married.Unluckiest.2}}\"/pause 200/message \"{{i18n:AD.Mines.Married.Unluckiest.3}}\"/pause 2000/showFrame 0/pause 500/emote farmer 8/pause 500/faceDirection farmer 3/pause 100/faceDirection farmer 2/pause 100/faceDirection farmer 1/pause 100/faceDirection farmer 2/pause 200/emote farmer 28/pause 1000/addConversationTopic ADSpouseIsTiredOfYou 1/end"
            },
            "When": {
                "Death Consequences": "Fully Off",
                "Spouse": "{{Spouse}}, default",
                "RandomNumber": "5"
            }            
        },
        {
            // DONE 1/27 6:27AM
            "LogName": "Mines Death - MNC Lucky ElliottGone",
            "Action": "EditData",
            "Target": "Data/Events/Mine",
            "Entries": {
                "PlayerKilled": "none/-100 -100/farmer 19 10 2 Shadow -100 -100 0/pause 1500/showFrame 5/speak Shadow \"{{i18n:AD.Mines.Married.ElliottGone.Lucky.1}}\"/pause 200/message \"{{i18n:AD.Mines.Married.ElliottGone.Lucky.2}}\"/pause 200/speak Shadow \"{{i18n:AD.Mines.Married.ElliottGone.Lucky.3}}\"/pause 200/message \"{{i18n:AD.Mines.Married.ElliottGone.Lucky.4}}\"/pause 2000/showFrame 0/pause 500/emote farmer 8/pause 500/faceDirection farmer 3/pause 100/faceDirection farmer 2/pause 100/faceDirection farmer 1/pause 100/faceDirection farmer 2/pause 200/emote farmer 28/pause 1000/mail elliottADMines/end"
            },
            "When": {
                "Death Consequences": "Fully Off",
                "HasConversationtopic": "elliottGone",
                "Query: {{DailyLuck}} >= 0": true
            }            
        },
        {
            // DONE 1/27 6:30AM
            "LogName": "Mines Death - MNC Lucky ElliottGone",
            "Action": "EditData",
            "Target": "Data/Events/Mine",
            "Entries": {
                "PlayerKilled": "none/-100 -100/farmer 19 10 2 Shadow -100 -100 0/pause 1500/showFrame 5/speak Shadow \"{{i18n:AD.Mines.Married.ElliottGone.Unlucky.1}}\"/pause 200/message \"{{i18n:AD.Mines.Married.ElliottGone.Unlucky.2}}\"/pause 200/speak Shadow \"{{i18n:AD.Mines.Married.ElliottGone.Unlucky.3}}\"/pause 200/message \"{{i18n:AD.Mines.Married.ElliottGone.Unlucky.4}}\"/pause 200/speak Shadow \"AD.Mines.Married.ElliottGone.Unlucky.5\"/pause 2000/showFrame 0/pause 500/emote farmer 8/pause 500/faceDirection farmer 3/pause 100/faceDirection farmer 2/pause 100/faceDirection farmer 1/pause 100/faceDirection farmer 2/pause 200/emote farmer 28/pause 1000/mail elliottADMines/end"
            },
            "When": {
                "Death Consequences": "Fully Off",
                "HasConversationtopic": "elliottGone",
                "Query: {{DailyLuck}} < 0": true
            }            
        },
        // ----------------------------------------------------------------------------------------------------
        // DEATH CONSEQUENCES - OFF
        // MARRIED TO HARVEY
        // MINES
        // ----------------------------------------------------------------------------------------------------
        {
            // DONE 1/27 6:10AM
            "LogName": "Mines Death - MNC Luckiest",
            "Action": "EditData",
            "Target": "Data/Events/Mine",
            "Entries": {
                "PlayerKilled": "none/-100 -100/farmer 19 10 2 Shadow -100 -100 0/pause 1500/showFrame 5/speak Shadow \"{{i18n:AD.Mines.Married.Luckiest.1}}\"/pause 200/message \"{{i18n:AD.Mines.Married.Luckiest.2}}\"/pause 200/speak Shadow \"{{i18n:AD.Mines.Married.Luckiest.3}}\"/pause 200/message \"{{i18n:AD.Mines.Married.Luckiest.4}}\"/pause 200/speak Shadow \"{{i18n:AD.Mines.Married.Luckiest.5}}\"/pause 200/message \"{{i18n:AD.Mines.Married.Luckiest.6}}\"/pause 1000/speak Shadow \"{{i18n:AD.Mines.Married.Luckiest.7}}\"/pause 200/message \"{{i18n:AD.Mines.Married.Luckiest.8}}\"/pause 1000/end"
            },
            "When": {
                "Death Consequences": "Fully Off, Off only when married to Harvey",
                "Spouse": "Harvey",
                "RandomNumber": "1"
            }            
        },
        {
            // DONE 1/27 6:15AM
            "LogName": "Mines Death - MNC Lucky",
            "Action": "EditData",
            "Target": "Data/Events/Mine",
            "Entries": {
                "PlayerKilled": "none/-100 -100/farmer 19 10 2 Shadow -100 -100 0/pause 1500/showFrame 5/message \"{{i18n:AD.Mines.Married.Lucky.1}}\"/pause 200/speak Shadow \"{{i18n:AD.Mines.Married.Lucky.2}}\"/pause 200/message \"{{i18n:AD.Mines.Married.Lucky.3}}\"/pause 200/speak Shadow \"{{i18n:AD.Mines.Married.Lucky.4}}\"/pause 200/message \"{{i18n:AD.Mines.Married.Lucky.5}}\"/pause 200/speak Shadow \"{{i18n:AD.Mines.Married.Lucky.6}}\"/pause 200/message \"{{i18n:AD.Mines.Married.Lucky.7}}\"/pause 1000/speak Shadow \"{{i18n:AD.Mines.Married.Lucky.8}}\"/pause 200/message \"{{i18n:AD.Mines.Married.Lucky.9}}\"/speak Shadow \"{{i18n:AD.Mines.Married.Lucky.10.{{siliconmodding.NPCTokens/NPC:{{Spouse}}+gender}}}}\"/pause 200/message \"AD.Mines.Married.Lucky.11\"/pause 1000/viewport 19 10 true/pause 2000/showFrame 0/pause 500/emote farmer 8/pause 500/faceDirection farmer 3/pause 100/faceDirection farmer 2/pause 100/faceDirection farmer 1/pause 100/faceDirection farmer 2/pause 200/emote farmer 28/pause 1000/end"
            },
            "When": {
                "Death Consequences": "Fully Off, Off only when married to Harvey",
                "Spouse": "Harvey",
                "RandomNumber": "2"
            }            
        },
        {
            // DONE 1/27 6:18AM
            "LogName": "Mines Death - MNC Neutral",
            "Action": "EditData",
            "Target": "Data/Events/Mine",
            "Entries": {
                "PlayerKilled": "none/-100 -100/farmer 19 10 2 Shadow -100 -100 0 {{Spouse}} 18 10 1/pause 1500/showFrame 5/speak Shadow \"{{i18n:AD.Mines.Married.Neutral.1}}\"/pause 200/message \"{{i18n:AD.Mines.Married.Neutral.2}}\"/pause 200/speak Shadow \"{{i18n:AD.Mines.Married.Neutral.3}}\"/pause 200/message \"{{i18n:AD.Mines.Married.Neutral.4}}\"/pause 200/speak Shadow \"{{i18n:AD.Mines.Married.Neutral.5}}\"/pause 200/message \"{{i18n:AD.Mines.Married.Neutral.6}}\"/pause 1500/viewport 19 10 true/pause 1500/showFrame 0/pause 1000/faceDirection farmer 3/pause 200/message \"'{{i18n:AD.Mines.Married.Neutral.7}}'\"/pause 200/speak {{Spouse}} \"{{i18n:AD.Mines.Married.Neutral.8}}\"/pause 500/emote farmer 28/pause 1000/end"
            },
            "When": {
                "Death Consequences": "Fully Off, Off only when married to Harvey",
                "Spouse": "Harvey",
                "RandomNumber": "3"
            }            
        },
        {
            // DONE 1/27 6:20AM
            "LogName": "Mines Death - MNC Unlucky",
            "Action": "EditData",
            "Target": "Data/Events/Mine",
            "Entries": {
                "PlayerKilled": "none/-100 -100/farmer 19 10 2 Shadow -100 -100 0 {{Spouse}} 18 10 1/pause 1500/showFrame 5/speak Shadow \"{{i18n:AD.Mines.Married.Unlucky.1}}\"/pause 200/message \"{{i18n:AD.Mines.Married.Unlucky.2}}\"/pause 200/speak Shadow \"{{i18n:AD.Mines.Married.Unlucky.3}}\"/pause 200/message \"{{i18n:AD.Mines.Married.Unlucky.4}}\"/pause 1500/viewport 19 10 true/pause 1500/showFrame 0/pause 1000/faceDirection farmer 3/pause 200/speak {{Spouse}} \"{{i18n:AD.Mines.Married.Unlucky.5}}\"/pause 200/emote farmer 32/pause 500/speak {{Spouse}} \"{{i18n:AD.Mines.Married.Unlucky.6}}\"/pause 200/emote farmer 28/pause 1000/end"
            },
            "When": {
                "Death Consequences": "Fully Off, Off only when married to Harvey",
                "Spouse": "Harvey",
                "RandomNumber": "4"
            }            
        },
        {
            // DONE 1/27 6:23AM
            "LogName": "Mines Death - MNC Unluckiest",
            "Action": "EditData",
            "Target": "Data/Events/Mine",
            "Entries": {
                "PlayerKilled": "none/-100 -100/farmer 19 10 2 {{Spouse}} 18 10 1/pause 1500/showFrame 5/message \"{{i18n:AD.Mines.Married.Unluckiest.{{siliconmodding.NPCTokens/NPC:{{Spouse}}+gender}}.1}}\"/pause 200/speak {{Spouse}} \"{{i18n:AD.Mines.Married.Unluckiest.2}}\"/pause 200/message \"{{i18n:AD.Mines.Married.Unluckiest.3}}\"/pause 2000/showFrame 0/pause 500/emote farmer 8/pause 500/faceDirection farmer 3/pause 100/faceDirection farmer 2/pause 100/faceDirection farmer 1/pause 100/faceDirection farmer 2/pause 200/emote farmer 28/pause 1000/addConversationTopic ADSpouseIsTiredOfYou 1/end"
            },
            "When": {
                "Death Consequences": "Fully Off, Off only when married to Harvey",
                "Spouse": "Harvey",
                "RandomNumber": "5"
            }            
        },
        {
            // DONE 1/27 6:27AM
            "LogName": "Mines Death - MNC Lucky ElliottGone",
            "Action": "EditData",
            "Target": "Data/Events/Mine",
            "Entries": {
                "PlayerKilled": "none/-100 -100/farmer 19 10 2 Shadow -100 -100 0/pause 1500/showFrame 5/speak Shadow \"{{i18n:AD.Mines.Married.ElliottGone.Lucky.1}}\"/pause 200/message \"{{i18n:AD.Mines.Married.ElliottGone.Lucky.2}}\"/pause 200/speak Shadow \"{{i18n:AD.Mines.Married.ElliottGone.Lucky.3}}\"/pause 200/message \"{{i18n:AD.Mines.Married.ElliottGone.Lucky.4}}\"/pause 2000/showFrame 0/pause 500/emote farmer 8/pause 500/faceDirection farmer 3/pause 100/faceDirection farmer 2/pause 100/faceDirection farmer 1/pause 100/faceDirection farmer 2/pause 200/emote farmer 28/pause 1000/mail elliottADMines/end"
            },
            "When": {
                "Death Consequences": "Fully Off, Off only when married to Harvey",
                "Spouse": "Harvey",
                "HasConversationtopic": "elliottGone",
                "Query: {{DailyLuck}} >= 0": true
            }            
        },
        {
            // DONE 1/27 6:30AM
            "LogName": "Mines Death - MNC Lucky ElliottGone",
            "Action": "EditData",
            "Target": "Data/Events/Mine",
            "Entries": {
                "PlayerKilled": "none/-100 -100/farmer 19 10 2 Shadow -100 -100 0/pause 1500/showFrame 5/speak Shadow \"{{i18n:AD.Mines.Married.ElliottGone.Unlucky.1}}\"/pause 200/message \"{{i18n:AD.Mines.Married.ElliottGone.Unlucky.2}}\"/pause 200/speak Shadow \"{{i18n:AD.Mines.Married.ElliottGone.Unlucky.3}}\"/pause 200/message \"{{i18n:AD.Mines.Married.ElliottGone.Unlucky.4}}\"/pause 200/speak Shadow \"AD.Mines.Married.ElliottGone.Unlucky.5\"/pause 2000/showFrame 0/pause 500/emote farmer 8/pause 500/faceDirection farmer 3/pause 100/faceDirection farmer 2/pause 100/faceDirection farmer 1/pause 100/faceDirection farmer 2/pause 200/emote farmer 28/pause 1000/mail elliottADMines/end"
            },
            "When": {
                "Death Consequences": "Fully Off, Off only when married to Harvey",
                "Spouse": "Harvey",
                "HasConversationtopic": "elliottGone",
                "Query: {{DailyLuck}} < 0": true
            }            
        }
    ]
}