{
    "Changes": [
        {
            "LogName": "In the Doghouse 1",
            "Action": "EditData",
            "Target": "Data/Events/Farm",
            "Entries": {
                "ADInTheDogHouse/ActiveDialogueEvent ADSpouseIsTiredOfYou": "continue/-100 -100/{{Spouse}} 64 17 1 farmer 65 17 1/viewport 64 17 true/move farmer 2 0/emote {{Spouse}} 12/pause 500/emote farmer 8/pause 200/faceDirection farmer 3/pause 500/speak {{Spouse}} \"{{i18n:AD.Farm.Married.Start.1}}\"/pause 200/emote farmer 40/pause 500/speak {{Spouse}} \"{{i18n:AD.Farm.Married.Start.2}}\"/pause 200/emote farmer 28/pause 500/emote {{Spouse}} 28/pause 500/speak {{Spouse}} \"{{i18n:AD.Farm.Married.Start.3}}\"/pause 200/emote farmer 32/pause 500/emote {{Spouse}} 28/pause 500/speak {{Spouse}} \"{{i18n:AD.Farm.Married.Start.4}}\"/pause 200/emote farmer 20/pause 200/emote {{Spouse}} 32/pause 500/globalFade/warp farmer 0 0/addConversationTopic stillInDogHouse 1/viewport -100 -100/end"
            }
        },
        // Bus Stop Versions
        {
            "LogName": "In the Doghouse 2",
            "Action": "EditData",
            "Target": "Data/Events/BusStop",
            "Entries": {
                "ADInTheDogHouse2/ActiveDialogueEvent stillInDogHouse": "continue/-100 -100/{{Spouse}} 13 23 1 farmer 15 23 1/viewport 24 21 true/move farmer 2 0/emote {{Spouse}} 12/pause 500/emote farmer 16/pause 200/faceDirection farmer 3/pause 500/speak {{Spouse}} \"{{i18n:AD.Farm.Married.LeftTwice}}\"/pause 200/emote farmer 28/pause 500/globalFade/changeLocation FarmHouse/warp farmer 0 0/viewport -100 -100/addConversationTopic stillInDogHouse2 1/end"
            }
        },
        {
            "LogName": "In the Doghouse 3",
            "Action": "EditData",
            "Target": "Data/Events/BusStop",
            "Entries": {
                "ADInTheDogHouse3/ActiveDialogueEvent stillInDogHouse2": "continue/-100 -100/{{Spouse}} 13 23 1 farmer 15 23 1/viewport 24 21 true/move farmer 2 0/emote {{Spouse}} 12/pause 500/emote farmer 16/pause 200/faceDirection farmer 3/pause 500/speak {{Spouse}} \"{{i18n:AD.Farm.Married.LeftThrice}}\"/pause 200/emote farmer 28/pause 500/globalFade/changeLocation FarmHouse/warp farmer 0 0/viewport -100 -100/addConversationTopic stillInDogHouse3 1/end"
            }
        },
        {
            "LogName": "In the Doghouse 4",
            "Action": "EditData",
            "Target": "Data/Events/BusStop",
            "Entries": {
                "ADInTheDogHouse4/ActiveDialogueEvent stillInDogHouse3": "continue/-100 -100/{{Spouse}} 13 23 1 farmer 15 23 1/viewport 24 21 true/move farmer 2 0/emote {{Spouse}} 12/pause 500/emote farmer 16/pause 200/faceDirection farmer 3/pause 500/speak {{Spouse}} \"{{i18n:AD.Farm.Married.LeftQuadrice}}\"/pause 200/emote farmer 28/pause 500/globalFade/changeLocation FarmHouse/warp farmer 0 0/viewport -100 -100/addConversationTopic stillInDogHouse4 1/end"
            }
        },
        {
            "LogName": "In the Doghouse 5",
            "Action": "EditData",
            "Target": "Data/Events/BusStop",
            "Entries": {
                "ADInTheDogHouse5/ActiveDialogueEvent stillInDogHouse4": "continue/-100 -100/{{Spouse}} 13 23 1 farmer 15 23 1/viewport 24 21 true/move farmer 2 0/emote {{Spouse}} 12/pause 500/emote farmer 16/pause 200/faceDirection farmer 3/pause 500/speak {{Spouse}} \"{{i18n:AD.Farm.Married.LeftQuarce}}\"/pause 200/emote farmer 28/pause 500/globalFade/viewport -100 -100/end newDay"
            }
        },
        // Backwoods TODO Change Dialogue
        {
            "LogName": "In the Doghouse 2",
            "Action": "EditData",
            "Target": "Data/Events/Backwoods",
            "Entries": {
                "ADInTheDogHouse2/ActiveDialogueEvent stillInDogHouse": "continue/-100 -100/{{Spouse}} 14 33 1 farmer 14 30 0/viewport 24 21 true/move farmer 2 0/emote {{Spouse}} 12/pause 500/emote farmer 16/pause 200/faceDirection farmer 2/pause 500/speak {{Spouse}} \"{{i18n:AD.Farm.Married.LeftTwice}}\"/pause 200/emote farmer 28/pause 500/globalFade/changeLocation FarmHouse/warp farmer 0 0/viewport -100 -100/addConversationTopic stillInDogHouse2 1/end"
            }
        },
        {
            "LogName": "In the Doghouse 3",
            "Action": "EditData",
            "Target": "Data/Events/BusStop",
            "Entries": {
                "ADInTheDogHouse3/ActiveDialogueEvent stillInDogHouse2": "continue/-100 -100/{{Spouse}} 14 33 1 farmer 14 30 0/viewport 24 21 true/move farmer 2 0/emote {{Spouse}} 12/pause 500/emote farmer 16/pause 200/faceDirection farmer 2/pause 500/speak {{Spouse}} \"{{i18n:AD.Farm.Married.LeftThrice}}\"/pause 200/emote farmer 28/pause 500/globalFade/changeLocation FarmHouse/warp farmer 0 0/viewport -100 -100/addConversationTopic stillInDogHouse3 1/end"
            }
        },
        {
            "LogName": "In the Doghouse 4",
            "Action": "EditData",
            "Target": "Data/Events/BusStop",
            "Entries": {
                "ADInTheDogHouse4/ActiveDialogueEvent stillInDogHouse3": "continue/-100 -100/{{Spouse}} 14 33 1 farmer 14 30 0/viewport 24 21 true/move farmer 2 0/emote {{Spouse}} 12/pause 500/emote farmer 16/pause 200/faceDirection farmer 2/pause 500/speak {{Spouse}} \"{{i18n:AD.Farm.Married.LeftQuadrice}}\"/pause 200/emote farmer 28/pause 500/globalFade/changeLocation FarmHouse/warp farmer 0 0/viewport -100 -100/addConversationTopic stillInDogHouse4 1/end"
            }
        },
        {
            "LogName": "In the Doghouse 5",
            "Action": "EditData",
            "Target": "Data/Events/BusStop",
            "Entries": {
                "ADInTheDogHouse5/ActiveDialogueEvent stillInDogHouse4": "continue/-100 -100/{{Spouse}} 14 33 1 farmer 14 30 0/viewport 24 21 true/move farmer 2 0/emote {{Spouse}} 12/pause 500/emote farmer 16/pause 200/faceDirection farmer 2/pause 500/speak {{Spouse}} \"{{i18n:AD.Farm.Married.LeftQuarce}}\"/pause 200/emote farmer 28/pause 500/globalFade/changeLocation FarmHouse/warp farmer 0 0/viewport -100 -100/end newDay"
            }
        },
        // Mountain TODO Change Dialogue
        {
            "LogName": "In the Doghouse 2",
            "Action": "EditData",
            "Target": "Data/Events/Mountain",
            "Entries": {
                "ADInTheDogHouse2/ActiveDialogueEvent stillInDogHouse": "continue/-100 -100/{{Spouse}} 15 38 1 farmer 15 36 0/viewport 24 21 true/move farmer 0 -2/emote {{Spouse}} 12/pause 500/emote farmer 16/pause 200/faceDirection farmer 2/pause 500/speak {{Spouse}} \"{{i18n:AD.Farm.Married.LeftTwice}}\"/pause 200/emote farmer 28/pause 500/globalFade/changeLocation FarmHouse/warp farmer 0 0/viewport -100 -100/addConversationTopic stillInDogHouse2 1/end"
            }
        },
        {
            "LogName": "In the Doghouse 3",
            "Action": "EditData",
            "Target": "Data/Events/Mountain",
            "Entries": {
                "ADInTheDogHouse3/ActiveDialogueEvent stillInDogHouse2": "continue/-100 -100/{{Spouse}} 15 38 1 farmer 15 36 0/viewport 24 21 true/move farmer 0 -2/emote {{Spouse}} 12/pause 500/emote farmer 16/pause 200/faceDirection farmer 2/pause 500/speak {{Spouse}} \"{{i18n:AD.Farm.Married.LeftThrice}}\"/pause 200/emote farmer 28/pause 500/globalFade/changeLocation FarmHouse/warp farmer 0 0/viewport -100 -100/addConversationTopic stillInDogHouse3 1/end"
            }
        },
        {
            "LogName": "In the Doghouse 4",
            "Action": "EditData",
            "Target": "Data/Events/Mountain",
            "Entries": {
                "ADInTheDogHouse4/ActiveDialogueEvent stillInDogHouse3": "continue/-100 -100/{{Spouse}} 15 38 1 farmer 15 36 0/viewport 24 21 true/move farmer 0 -2/emote {{Spouse}} 12/pause 500/emote farmer 16/pause 200/faceDirection farmer 2/pause 500/speak {{Spouse}} \"{{i18n:AD.Farm.Married.LeftQuadrice}}\"/pause 200/emote farmer 28/pause 500/globalFade/changeLocation FarmHouse/warp farmer 0 0/viewport -100 -100/addConversationTopic stillInDogHouse4 1/end"
            }
        },
        {
            "LogName": "In the Doghouse 5",
            "Action": "EditData",
            "Target": "Data/Events/Mountain",
            "Entries": {
                "ADInTheDogHouse5/ActiveDialogueEvent stillInDogHouse4": "continue/-100 -100/{{Spouse}} 15 38 1 farmer 15 36 0/viewport 24 21 true/move farmer 0 -2/emote {{Spouse}} 12/pause 500/emote farmer 16/pause 200/faceDirection farmer 2/pause 500/speak {{Spouse}} \"{{i18n:AD.Farm.Married.LeftQuarce}}\"/pause 200/emote farmer 28/pause 500/globalFade/changeLocation FarmHouse/warp farmer 0 0/viewport -100 -100/end newDay"
            }
        },
        // Town
        {
            "LogName": "In the Doghouse 2",
            "Action": "EditData",
            "Target": "Data/Events/Town",
            "Entries": {
                "ADInTheDogHouse2/ActiveDialogueEvent stillInDogHouse": "continue/-100 -100/{{Spouse}} 4 54 1 farmer 6 54 1/viewport 24 21 true/move farmer 2 0/emote {{Spouse}} 12/pause 500/emote farmer 16/pause 200/faceDirection farmer 3/pause 500/speak {{Spouse}} \"{{i18n:AD.Farm.Married.LeftTwice}}\"/pause 200/emote farmer 28/pause 500/globalFade/changeLocation FarmHouse/warp farmer 0 0/viewport -100 -100/addConversationTopic stillInDogHouse2 1/end"
            }
        },
        {
            "LogName": "In the Doghouse 3",
            "Action": "EditData",
            "Target": "Data/Events/Town",
            "Entries": {
                "ADInTheDogHouse3/ActiveDialogueEvent stillInDogHouse2": "continue/-100 -100/{{Spouse}} 4 54 1 farmer 6 54 1/viewport 24 21 true/move farmer 2 0/emote {{Spouse}} 12/pause 500/emote farmer 16/pause 200/faceDirection farmer 3/pause 500/speak {{Spouse}} \"{{i18n:AD.Farm.Married.LeftThrice}}\"/pause 200/emote farmer 28/pause 500/globalFade/changeLocation FarmHouse/warp farmer 0 0/viewport -100 -100/addConversationTopic stillInDogHouse3 1/end"
            }
        },
        {
            "LogName": "In the Doghouse 4",
            "Action": "EditData",
            "Target": "Data/Events/Town",
            "Entries": {
                "ADInTheDogHouse4/ActiveDialogueEvent stillInDogHouse3": "continue/-100 -100/{{Spouse}} 4 54 1 farmer 6 54 1/viewport 24 21 true/move farmer 2 0/emote {{Spouse}} 12/pause 500/emote farmer 16/pause 200/faceDirection farmer 3/pause 500/speak {{Spouse}} \"{{i18n:AD.Farm.Married.LeftQuadrice}}\"/pause 200/emote farmer 28/pause 500/globalFade/changeLocation FarmHouse/warp farmer 0 0/viewport -100 -100/addConversationTopic stillInDogHouse4 1/end"
            }
        },
        {
            "LogName": "In the Doghouse 5",
            "Action": "EditData",
            "Target": "Data/Events/Town",
            "Entries": {
                "ADInTheDogHouse5/ActiveDialogueEvent stillInDogHouse4": "continue/-100 -100/{{Spouse}} 4 54 1 farmer 6 54 1/viewport 24 21 true/move farmer 2 0/emote {{Spouse}} 12/pause 500/emote farmer 16/pause 200/faceDirection farmer 3/pause 500/speak {{Spouse}} \"{{i18n:AD.Farm.Married.LeftQuarce}}\"/pause 200/emote farmer 28/pause 500/globalFade/viewport -100 -100/end newDay"
            }
        },
         // Beach
        {
            "LogName": "In the Doghouse 2",
            "Action": "EditData",
            "Target": "Data/Events/Beach",
            "Entries": {
                "ADInTheDogHouse2/ActiveDialogueEvent stillInDogHouse": "continue/-100 -100/{{Spouse}} 38 2 2 farmer 38 4 2/viewport 24 21 true/move farmer 0 2/emote {{Spouse}} 12/pause 500/emote farmer 16/pause 200/faceDirection farmer 0/pause 500/speak {{Spouse}} \"{{i18n:AD.Farm.Married.LeftTwice}}\"/pause 200/emote farmer 28/pause 500/globalFade/changeLocation FarmHouse/warp farmer 0 0/viewport -100 -100/addConversationTopic stillInDogHouse2 1/end"
            }
        },
        {
            "LogName": "In the Doghouse 3",
            "Action": "EditData",
            "Target": "Data/Events/Beach",
            "Entries": {
                "ADInTheDogHouse3/ActiveDialogueEvent stillInDogHouse2": "continue/-100 -100/{{Spouse}} 38 2 2 farmer 38 4 2/viewport 24 21 true/move farmer 0 2/emote {{Spouse}} 12/pause 500/emote farmer 16/pause 200/faceDirection farmer 0/pause 500/speak {{Spouse}} \"{{i18n:AD.Farm.Married.LeftThrice}}\"/pause 200/emote farmer 28/pause 500/globalFade/changeLocation FarmHouse/warp farmer 0 0/viewport -100 -100/addConversationTopic stillInDogHouse3 1/end"
            }
        },
        {
            "LogName": "In the Doghouse 4",
            "Action": "EditData",
            "Target": "Data/Events/Beach",
            "Entries": {
                "ADInTheDogHouse4/ActiveDialogueEvent stillInDogHouse3": "continue/-100 -100/{{Spouse}} 38 2 2 farmer 38 4 2/viewport 24 21 true/move farmer 0 2/emote {{Spouse}} 12/pause 500/emote farmer 16/pause 200/faceDirection farmer 0/pause 500/speak {{Spouse}} \"{{i18n:AD.Farm.Married.LeftQuadrice}}\"/pause 200/emote farmer 28/pause 500/globalFade/changeLocation FarmHouse/warp farmer 0 0/viewport -100 -100/addConversationTopic stillInDogHouse4 1/end"
            }
        },
        {
            "LogName": "In the Doghouse 5",
            "Action": "EditData",
            "Target": "Data/Events/Beach",
            "Entries": {
                "ADInTheDogHouse5/ActiveDialogueEvent stillInDogHouse4": "continue/-100 -100/{{Spouse}} 38 2 2 farmer 38 4 2/viewport 24 21 true/move farmer 0 2/emote {{Spouse}} 12/pause 500/emote farmer 16/pause 200/faceDirection farmer 0/pause 500/speak {{Spouse}} \"{{i18n:AD.Farm.Married.LeftQuarce}}\"/pause 200/emote farmer 28/pause 500/globalFade/viewport -100 -100/end newDay"
            }
        },
        // Forest
        {
            "LogName": "In the Doghouse 2",
            "Action": "EditData",
            "Target": "Data/Events/Forest",
            "Entries": {
                "ADInTheDogHouse2/ActiveDialogueEvent stillInDogHouse": "continue/-100 -100/{{Spouse}} 69 1 2 farmer 69 3 2/viewport 24 21 true/move farmer 0 2/emote {{Spouse}} 12/pause 500/emote farmer 16/pause 200/faceDirection farmer 0/pause 500/speak {{Spouse}} \"{{i18n:AD.Farm.Married.LeftTwice}}\"/pause 200/emote farmer 28/pause 500/globalFade/changeLocation FarmHouse/warp farmer 0 0/viewport -100 -100/addConversationTopic stillInDogHouse2 1/end"
            }
        },
        {
            "LogName": "In the Doghouse 3",
            "Action": "EditData",
            "Target": "Data/Events/Forest",
            "Entries": {
                "ADInTheDogHouse3/ActiveDialogueEvent stillInDogHouse2": "continue/-100 -100/{{Spouse}} 69 1 2 farmer 69 3 2/viewport 24 21 true/move farmer 0 2/emote {{Spouse}} 12/pause 500/emote farmer 16/pause 200/faceDirection farmer 0/pause 500/speak {{Spouse}} \"{{i18n:AD.Farm.Married.LeftThrice}}\"/pause 200/emote farmer 28/pause 500/globalFade/changeLocation FarmHouse/warp farmer 0 0/viewport -100 -100/addConversationTopic stillInDogHouse3 1/end"
            }
        },
        {
            "LogName": "In the Doghouse 4",
            "Action": "EditData",
            "Target": "Data/Events/Forest",
            "Entries": {
                "ADInTheDogHouse4/ActiveDialogueEvent stillInDogHouse3": "continue/-100 -100/{{Spouse}} 69 1 2 farmer 69 3 2/viewport 24 21 true/move farmer 0 2/emote {{Spouse}} 12/pause 500/emote farmer 16/pause 200/faceDirection farmer 0/pause 500/speak {{Spouse}} \"{{i18n:AD.Farm.Married.LeftQuadrice}}\"/pause 200/emote farmer 28/pause 500/globalFade/changeLocation FarmHouse/warp farmer 0 0/viewport -100 -100/addConversationTopic stillInDogHouse4 1/end"
            }
        },
        {
            "LogName": "In the Doghouse 5",
            "Action": "EditData",
            "Target": "Data/Events/Forest",
            "Entries": {
                "ADInTheDogHouse5/ActiveDialogueEvent stillInDogHouse4": "continue/-100 -100/{{Spouse}} 69 1 2 farmer 69 3 2/viewport 24 21 true/move farmer 0 2/emote {{Spouse}} 12/pause 500/emote farmer 16/pause 200/faceDirection farmer 0/pause 500/speak {{Spouse}} \"{{i18n:AD.Farm.Married.LeftQuarce}}\"/pause 200/emote farmer 28/pause 500/globalFade/viewport -100 -100/end newDay"
            }
        }
    ]
}